KOLKATA,
,-SelectOne-
10,Winter2000-2001
15,Monsoon2001
20,Winter2001-2002
28,Monsoon2002
36,Winter2002-2003
42,Monsoon2003
50,Winter2003-2004
56,Monsoon2004
59,Winter2004-2005
68,Monsoon2005
72,Winter2005-2006
80,Monsoon2006
83,Winter2006-2007
102,ChristmasMeeting2007
103,WinterMeeting2008
104,SpringMeeting2008
106,SummerMeeting2008
110,MONSOONMEETING2008
121,WINTERMEETING2008-09
123,SPRINGMEETING2009
127,MONSOONSEASON2009
131,AUTUMNMEETING2009
135,WINTERMEETING2010
137,SUMMERMEETING2010
140,MONSOONSEASON2010
145,SPRINGMEETING2010
150,WINTERMEETING2010-11
156,MONSOONSEASON2011
161,WINTERMEETING2011-12
167,AUTUMNMEETING2011
168,CHRISTMASMEETING2011
181,MONSOONSEASON2012
197,Season2012-13
215,MONSOONSEASON2013
218,WinterSeason2013-14
226,MONSOONSEASON2014
230,WinterSeason2014-15
237,MonsoonSeason2015
242,WinterSeason2015-16
254,MonsoonSeason2016
262,WinterSeason2016-17
271,MonsoonSeason2017
277,WinterSeason2017-18
285,MonsoonSeason2018
,-SelectOne-
2007-11-25,25-11-2007
2007-11-30,30-11-2007
2007-12-01,01-12-2007
2007-12-08,08-12-2007
2007-12-15,15-12-2007
2007-12-20,20-12-2007
2007-12-22,22-12-2007
2008-01-01,01-01-2008
2008-01-05,05-01-2008
2008-01-13,13-01-2008
2008-01-19,19-01-2008
2008-01-23,23-01-2008
2008-01-26,26-01-2008
2008-01-30,30-01-2008
2008-02-02,02-02-2008
2008-02-09,09-02-2008
2008-02-16,16-02-2008
2008-02-23,23-02-2008
2008-02-28,28-02-2008
2008-03-08,08-03-2008
2008-03-15,15-03-2008
2008-03-19,19-03-2008
2008-03-26,26-03-2008
2008-03-29,29-03-2008
2008-04-03,03-04-2008
2008-04-04,04-04-2008
2008-04-10,10-04-2008
2008-04-11,11-04-2008
2008-07-11,11-07-2008
2008-07-16,16-07-2008
2008-07-19,19-07-2008
2008-07-26,26-07-2008
2008-07-30,30-07-2008
2008-08-06,06-08-2008
2008-08-13,13-08-2008
2008-08-16,16-08-2008
2008-08-21,21-08-2008
2008-08-27,27-08-2008
2008-09-03,03-09-2008
2008-09-10,10-09-2008
2008-09-13,13-09-2008
2008-09-17,17-09-2008
2008-09-20,20-09-2008
2008-09-24,24-09-2008
2008-10-01,01-10-2008
2008-10-05,05-10-2008
2008-10-15,15-10-2008
2008-10-18,18-10-2008
2009-01-01,01-01-2009
2009-01-11,11-01-2009
2009-01-17,17-01-2009
2009-01-18,18-01-2009
2009-01-24,24-01-2009
2009-02-01,01-02-2009
2009-02-04,04-02-2009
2009-02-07,07-02-2009
2009-02-11,11-02-2009
2009-02-15,15-02-2009
2009-02-18,18-02-2009
2009-02-21,21-02-2009
2009-02-28,28-02-2009
2009-03-07,07-03-2009
2009-03-13,13-03-2009
2009-03-14,14-03-2009
2009-03-20,20-03-2009
2009-03-21,21-03-2009
2009-03-25,25-03-2009
2009-03-28,28-03-2009
2009-04-02,02-04-2009
2009-04-03,03-04-2009
2009-04-10,10-04-2009
2009-04-16,16-04-2009
2009-04-17,17-04-2009
2009-07-15,15-07-2009
2009-07-22,22-07-2009
2009-07-25,25-07-2009
2009-08-01,01-08-2009
2009-08-05,05-08-2009
2009-08-08,08-08-2009
2009-08-12,12-08-2009
2009-08-19,19-08-2009
2009-08-20,20-08-2009
2009-08-26,26-08-2009
2009-08-29,29-08-2009
2009-09-02,02-09-2009
2009-09-05,05-09-2009
2009-09-09,09-09-2009
2009-09-16,16-09-2009
2009-09-19,19-09-2009
2009-09-23,23-09-2009
2009-09-30,30-09-2009
2009-10-04,04-10-2009
2009-10-07,07-10-2009
2009-10-10,10-10-2009
2009-10-14,14-10-2009
2009-11-01,01-11-2009
2009-11-08,08-11-2009
2009-11-12,12-11-2009
2009-11-15,15-11-2009
2009-11-21,21-11-2009
2009-11-28,28-11-2009
2009-12-05,05-12-2009
2009-12-12,12-12-2009
2009-12-16,16-12-2009
2009-12-19,19-12-2009
2009-12-26,26-12-2009
2010-01-01,01-01-2010
2010-01-10,10-01-2010
2010-01-22,22-01-2010
2010-01-23,23-01-2010
2010-01-27,27-01-2010
2010-01-29,29-01-2010
2010-01-30,30-01-2010
2010-02-03,03-02-2010
2010-02-13,13-02-2010
2010-02-17,17-02-2010
2010-02-20,20-02-2010
2010-02-27,27-02-2010
2010-03-03,03-03-2010
2010-03-10,10-03-2010
2010-03-13,13-03-2010
2010-03-17,17-03-2010
2010-03-20,20-03-2010
2010-03-24,24-03-2010
2010-03-27,27-03-2010
2010-03-31,31-03-2010
2010-04-01,01-04-2010
2010-04-08,08-04-2010
2010-04-09,09-04-2010
2010-04-14,14-04-2010
2010-04-16,16-04-2010
2010-07-09,09-07-2010
2010-07-14,14-07-2010
2010-07-23,23-07-2010
2010-07-29,29-07-2010
2010-08-04,04-08-2010
2010-08-11,11-08-2010
2010-08-14,14-08-2010
2010-08-18,18-08-2010
2010-08-21,21-08-2010
2010-08-25,25-08-2010
2010-08-28,28-08-2010
2010-09-04,04-09-2010
2010-09-10,10-09-2010
2010-09-15,15-09-2010
2010-09-18,18-09-2010
2010-09-22,22-09-2010
2010-10-03,03-10-2010
2010-10-06,06-10-2010
2010-10-13,13-10-2010
2010-10-31,31-10-2010
2010-11-10,10-11-2010
2010-11-14,14-11-2010
2010-11-19,19-11-2010
2010-11-20,20-11-2010
2010-11-28,28-11-2010
2010-12-04,04-12-2010
2010-12-08,08-12-2010
2010-12-16,16-12-2010
2010-12-18,18-12-2010
2010-12-22,22-12-2010
2010-12-26,26-12-2010
2011-01-01,01-01-2011
2011-01-09,09-01-2011
2011-01-15,15-01-2011
2011-01-19,19-01-2011
2011-01-22,22-01-2011
2011-01-28,28-01-2011
2011-01-29,29-01-2011
2011-02-02,02-02-2011
2011-02-04,04-02-2011
2011-02-12,12-02-2011
2011-02-16,16-02-2011
2011-02-19,19-02-2011
2011-02-23,23-02-2011
2011-02-26,26-02-2011
2011-03-02,02-03-2011
2011-03-12,12-03-2011
2011-03-16,16-03-2011
2011-03-18,18-03-2011
2011-03-23,23-03-2011
2011-03-27,27-03-2011
2011-04-03,03-04-2011
2011-04-04,04-04-2011
2011-07-12,12-07-2011
2011-07-19,19-07-2011
2011-07-26,26-07-2011
2011-07-30,30-07-2011
2011-08-02,02-08-2011
2011-08-09,09-08-2011
2011-08-13,13-08-2011
2011-08-17,17-08-2011
2011-08-27,27-08-2011
2011-08-30,30-08-2011
2011-09-06,06-09-2011
2011-09-10,10-09-2011
2011-09-13,13-09-2011
2011-09-14,14-09-2011
2011-09-21,21-09-2011
2011-09-24,24-09-2011
2011-09-27,27-09-2011
2011-10-01,01-10-2011
2011-10-07,07-10-2011
2011-10-12,12-10-2011
2011-10-13,13-10-2011
2011-10-18,18-10-2011
2011-10-19,19-10-2011
2011-10-30,30-10-2011
2011-11-06,06-11-2011
2011-11-12,12-11-2011
2011-11-19,19-11-2011
2011-11-26,26-11-2011
2011-12-03,03-12-2011
2011-12-04,04-12-2011
2011-12-09,09-12-2011
2011-12-10,10-12-2011
2011-12-17,17-12-2011
2011-12-20,20-12-2011
2011-12-24,24-12-2011
2012-01-01,01-01-2012
2012-01-07,07-01-2012
2012-01-14,14-01-2012
2012-01-15,15-01-2012
2012-01-21,21-01-2012
2012-01-23,23-01-2012
2012-01-31,31-01-2012
2012-02-02,02-02-2012
2012-02-11,11-02-2012
2012-02-14,14-02-2012
2012-02-18,18-02-2012
2012-02-21,21-02-2012
2012-02-25,25-02-2012
2012-03-01,01-03-2012
2012-03-07,07-03-2012
2012-03-10,10-03-2012
2012-03-14,14-03-2012
2012-03-17,17-03-2012
2012-03-21,21-03-2012
2012-03-24,24-03-2012
2012-03-28,28-03-2012
2012-03-31,31-03-2012
2012-07-10,10-07-2012
2012-07-17,17-07-2012
2012-07-24,24-07-2012
2012-07-31,31-07-2012
2012-08-01,01-08-2012
2012-08-07,07-08-2012
2012-08-11,11-08-2012
2012-08-14,14-08-2012
2012-08-18,18-08-2012
2012-08-22,22-08-2012
2012-08-28,28-08-2012
2012-08-29,29-08-2012
2012-09-04,04-09-2012
2012-09-08,08-09-2012
2012-09-11,11-09-2012
2012-09-12,12-09-2012
2012-09-18,18-09-2012
2012-09-22,22-09-2012
2012-09-26,26-09-2012
2012-09-29,29-09-2012
2012-10-06,06-10-2012
2012-10-12,12-10-2012
2012-10-16,16-10-2012
2012-10-28,28-10-2012
2012-11-04,04-11-2012
2012-11-11,11-11-2012
2012-11-17,17-11-2012
2012-11-24,24-11-2012
2012-12-03,03-12-2012
2012-12-04,04-12-2012
2012-12-08,08-12-2012
2012-12-15,15-12-2012
2012-12-18,18-12-2012
2012-12-22,22-12-2012
2012-12-26,26-12-2012
2012-12-28,28-12-2012
2013-01-01,01-01-2013
2013-01-05,05-01-2013
2013-01-12,12-01-2013
2013-01-13,13-01-2013
2013-01-22,22-01-2013
2013-01-23,23-01-2013
2013-01-29,29-01-2013
2013-01-30,30-01-2013
2013-02-09,09-02-2013
2013-02-16,16-02-2013
2013-02-19,19-02-2013
2013-02-23,23-02-2013
2013-03-02,02-03-2013
2013-03-03,03-03-2013
2013-03-09,09-03-2013
2013-03-12,12-03-2013
2013-03-16,16-03-2013
2013-03-19,19-03-2013
2013-03-23,23-03-2013
2013-03-26,26-03-2013
2013-03-30,30-03-2013
2013-07-16,16-07-2013
2013-07-24,24-07-2013
2013-07-30,30-07-2013
2013-07-31,31-07-2013
2013-08-03,03-08-2013
2013-08-06,06-08-2013
2013-08-14,14-08-2013
2013-08-17,17-08-2013
2013-08-21,21-08-2013
2013-08-24,24-08-2013
2013-08-27,27-08-2013
2013-08-31,31-08-2013
2013-09-04,04-09-2013
2013-09-07,07-09-2013
2013-09-11,11-09-2013
2013-09-18,18-09-2013
2013-09-21,21-09-2013
2013-09-25,25-09-2013
2013-09-28,28-09-2013
2013-10-05,05-10-2013
2013-10-08,08-10-2013
2013-10-09,09-10-2013
2013-11-01,01-11-2013
2013-11-06,06-11-2013
2013-11-10,10-11-2013
2013-11-16,16-11-2013
2013-11-23,23-11-2013
2013-11-26,26-11-2013
2013-11-29,29-11-2013
2013-12-07,07-12-2013
2013-12-10,10-12-2013
2013-12-14,14-12-2013
2013-12-17,17-12-2013
2013-12-21,21-12-2013
2013-12-26,26-12-2013
2014-01-01,01-01-2014
2014-01-04,04-01-2014
2014-01-11,11-01-2014
2014-01-12,12-01-2014
2014-01-18,18-01-2014
2014-01-23,23-01-2014
2014-01-28,28-01-2014
2014-01-29,29-01-2014
2014-02-08,08-02-2014
2014-02-11,11-02-2014
2014-02-15,15-02-2014
2014-02-18,18-02-2014
2014-02-22,22-02-2014
2014-02-25,25-02-2014
2014-03-07,07-03-2014
2014-03-09,09-03-2014
2014-03-11,11-03-2014
2014-03-15,15-03-2014
2014-03-19,19-03-2014
2014-03-22,22-03-2014
2014-03-26,26-03-2014
2014-03-29,29-03-2014
2014-07-15,15-07-2014
2014-07-22,22-07-2014
2014-07-28,28-07-2014
2014-08-03,03-08-2014
2014-08-06,06-08-2014
2014-08-13,13-08-2014
2014-08-16,16-08-2014
2014-08-20,20-08-2014
2014-08-23,23-08-2014
2014-08-27,27-08-2014
2014-08-30,30-08-2014
2014-09-03,03-09-2014
2014-09-06,06-09-2014
2014-09-10,10-09-2014
2014-09-13,13-09-2014
2014-09-17,17-09-2014
2014-09-20,20-09-2014
2014-09-24,24-09-2014
2014-09-27,27-09-2014
2014-10-05,05-10-2014
2014-10-11,11-10-2014
2014-10-14,14-10-2014
2014-10-15,15-10-2014
2014-11-01,01-11-2014
2014-11-09,09-11-2014
2014-11-15,15-11-2014
2014-11-22,22-11-2014
2014-11-25,25-11-2014
2014-11-30,30-11-2014
2014-12-02,02-12-2014
2014-12-06,06-12-2014
2014-12-09,09-12-2014
2014-12-13,13-12-2014
2014-12-16,16-12-2014
2014-12-20,20-12-2014
2014-12-26,26-12-2014
2015-01-10,10-01-2015
2015-01-11,11-01-2015
2015-01-17,17-01-2015
2015-01-23,23-01-2015
2015-01-24,24-01-2015
2015-01-27,27-01-2015
2015-01-28,28-01-2015
2015-02-07,07-02-2015
2015-02-10,10-02-2015
2015-02-14,14-02-2015
2015-02-17,17-02-2015
2015-02-21,21-02-2015
2015-02-24,24-02-2015
2015-03-08,08-03-2015
2015-03-12,12-03-2015
2015-03-15,15-03-2015
2015-03-18,18-03-2015
2015-03-21,21-03-2015
2015-03-25,25-03-2015
2015-03-28,28-03-2015
2015-03-31,31-03-2015
2015-07-15,15-07-2015
2015-07-22,22-07-2015
2015-07-29,29-07-2015
2015-08-01,01-08-2015
2015-08-05,05-08-2015
2015-08-12,12-08-2015
2015-08-19,19-08-2015
2015-08-22,22-08-2015
2015-08-29,29-08-2015
2015-09-01,01-09-2015
2015-09-05,05-09-2015
2015-09-09,09-09-2015
2015-09-12,12-09-2015
2015-09-16,16-09-2015
2015-09-23,23-09-2015
2015-09-26,26-09-2015
2015-10-04,04-10-2015
2015-10-10,10-10-2015
2015-10-14,14-10-2015
2015-10-31,31-10-2015
2015-11-08,08-11-2015
2015-11-14,14-11-2015
2015-11-21,21-11-2015
2015-11-24,24-11-2015
2015-11-28,28-11-2015
2015-12-01,01-12-2015
2015-12-05,05-12-2015
2015-12-08,08-12-2015
2015-12-12,12-12-2015
2015-12-15,15-12-2015
2015-12-19,19-12-2015
2015-12-22,22-12-2015
2015-12-26,26-12-2015
2016-01-01,01-01-2016
2016-01-09,09-01-2016
2016-01-10,10-01-2016
2016-01-16,16-01-2016
2016-01-22,22-01-2016
2016-01-30,30-01-2016
2016-02-04,04-02-2016
2016-02-13,13-02-2016
2016-02-18,18-02-2016
2016-02-20,20-02-2016
2016-03-02,02-03-2016
2016-03-03,03-03-2016
2016-03-12,12-03-2016
2016-03-16,16-03-2016
2016-03-22,22-03-2016
2016-03-26,26-03-2016
2016-07-12,12-07-2016
2016-07-19,19-07-2016
2016-07-26,26-07-2016
2016-08-03,03-08-2016
2016-08-10,10-08-2016
2016-08-17,17-08-2016
2016-08-20,20-08-2016
2016-08-24,24-08-2016
2016-08-31,31-08-2016
2016-09-03,03-09-2016
2016-09-10,10-09-2016
2016-09-14,14-09-2016
2016-09-21,21-09-2016
2016-09-24,24-09-2016
2016-10-01,01-10-2016
2016-10-05,05-10-2016
2016-10-14,14-10-2016
2016-11-01,01-11-2016
2016-11-09,09-11-2016
2016-11-12,12-11-2016
2016-11-19,19-11-2016
2016-11-25,25-11-2016
2016-11-29,29-11-2016
2016-12-03,03-12-2016
2016-12-09,09-12-2016
2016-12-13,13-12-2016
2016-12-17,17-12-2016
2016-12-24,24-12-2016
2017-01-01,01-01-2017
2017-01-07,07-01-2017
2017-01-08,08-01-2017
2017-01-17,17-01-2017
2017-01-23,23-01-2017
2017-01-28,28-01-2017
2017-02-11,11-02-2017
2017-02-18,18-02-2017
2017-02-21,21-02-2017
2017-02-25,25-02-2017
2017-02-28,28-02-2017
2017-03-08,08-03-2017
2017-03-15,15-03-2017
2017-03-18,18-03-2017
2017-03-22,22-03-2017
2017-03-29,29-03-2017
2017-03-31,31-03-2017
2017-04-04,04-04-2017
2017-04-05,05-04-2017
2017-07-12,12-07-2017
2017-07-19,19-07-2017
2017-07-26,26-07-2017
2017-08-02,02-08-2017
2017-08-09,09-08-2017
2017-08-12,12-08-2017
2017-08-16,16-08-2017
2017-08-23,23-08-2017
2017-08-26,26-08-2017
2017-08-30,30-08-2017
2017-09-06,06-09-2017
2017-09-09,09-09-2017
2017-09-13,13-09-2017
2017-09-20,20-09-2017
2017-09-23,23-09-2017
2017-10-01,01-10-2017
2017-10-07,07-10-2017
2017-10-11,11-10-2017
2017-11-04,04-11-2017
2017-11-11,11-11-2017
2017-11-22,22-11-2017
2017-11-25,25-11-2017
2017-11-28,28-11-2017
2017-12-02,02-12-2017
2017-12-13,13-12-2017
2017-12-16,16-12-2017
2017-12-23,23-12-2017
2017-12-26,26-12-2017
2018-01-01,01-01-2018
2018-01-07,07-01-2018
2018-01-13,13-01-2018
2018-01-23,23-01-2018
2018-01-27,27-01-2018
2018-02-02,02-02-2018
2018-02-10,10-02-2018
2018-02-17,17-02-2018
2018-02-23,23-02-2018
2018-03-03,03-03-2018
2018-03-04,04-03-2018
2018-03-10,10-03-2018
2018-03-17,17-03-2018
2018-03-20,20-03-2018
2018-03-24,24-03-2018
2018-03-29,29-03-2018
2018-07-03,03-07-2018
2018-07-10,10-07-2018
2018-07-17,17-07-2018
2018-07-24,24-07-2018
2018-07-31,31-07-2018
2018-08-07,07-08-2018
2018-08-14,14-08-2018
2018-08-21,21-08-2018
2018-08-28,28-08-2018
2018-09-08,08-09-2018
2018-09-11,11-09-2018
2018-09-15,15-09-2018
2018-09-18,18-09-2018
2018-09-25,25-09-2018
2018-09-30,30-09-2018
2018-10-07,07-10-2018
BANGALORE,
,-SelectOne-
1,Winter1999-2000
3,Summer2000
7,Winter2000-2001
12,Summer2001
19,Winter2001-2002
25,Summer2002
35,Winter2002-2003
40,Summer2003
48,Winter2003-2004
51,Summer2004
60,Winter2004-2005
65,Summer2005
73,Winter2005-2006
77,Summer2006
84,Winter2006-2007
88,Summer2007
96,WinterMeeting2007-2008
107,SUMMERMEETING2008
119,WINTERMEETING2008-09
125,SUMMERMEETING2009
134,WINTERMEETING2009-2010
138,SummerSeason2010
146,WINTERMEETING2010-11
155,SUMMERMEETING2011
163,WinterSeason2011-12
175,SUMMERSEASON2012
196,WINTERSEASON2012-13
211,SummerSeason2013
219,WINTERSEASON2013-14
223,SummerSeason2014
232,WinterSeason2014-15
235,SummerSeason2015
243,WinterSeason2015-16
250,SummerSeason2016
260,WinterSeason2016-17
267,SummerSeason2017
281,WinterSeason2017-18
282,SummerSeason2018
,-SelectOne-
2000-07-16,16-07-2000
2001-07-15,15-07-2001
2002-07-14,14-07-2002
2003-07-13,13-07-2003
2004-07-11,11-07-2004
2005-07-10,10-07-2005
2006-07-09,09-07-2006
2007-05-11,11-05-2007
2007-05-12,12-05-2007
2007-05-19,19-05-2007
2007-05-20,20-05-2007
2007-05-26,26-05-2007
2007-05-27,27-05-2007
2007-06-02,02-06-2007
2007-06-03,03-06-2007
2007-06-09,09-06-2007
2007-06-10,10-06-2007
2007-06-16,16-06-2007
2007-06-17,17-06-2007
2007-06-23,23-06-2007
2007-06-24,24-06-2007
2007-06-30,30-06-2007
2007-07-01,01-07-2007
2007-07-07,07-07-2007
2007-07-08,08-07-2007
2007-07-14,14-07-2007
2007-07-15,15-07-2007
2007-07-21,21-07-2007
2007-07-23,23-07-2007
2007-07-28,28-07-2007
2007-07-29,29-07-2007
2007-08-02,02-08-2007
2007-08-08,08-08-2007
2007-11-09,09-11-2007
2007-11-10,10-11-2007
2007-11-17,17-11-2007
2007-11-23,23-11-2007
2007-11-24,24-11-2007
2007-12-01,01-12-2007
2007-12-07,07-12-2007
2007-12-08,08-12-2007
2007-12-15,15-12-2007
2007-12-22,22-12-2007
2007-12-24,24-12-2007
2007-12-28,28-12-2007
2007-12-29,29-12-2007
2008-01-04,04-01-2008
2008-01-05,05-01-2008
2008-01-12,12-01-2008
2008-01-18,18-01-2008
2008-01-19,19-01-2008
2008-02-01,01-02-2008
2008-02-09,09-02-2008
2008-02-15,15-02-2008
2008-02-16,16-02-2008
2008-02-22,22-02-2008
2008-02-23,23-02-2008
2008-03-07,07-03-2008
2008-03-08,08-03-2008
2008-03-14,14-03-2008
2008-03-15,15-03-2008
2008-03-21,21-03-2008
2008-03-22,22-03-2008
2008-03-28,28-03-2008
2008-03-29,29-03-2008
2008-05-17,17-05-2008
2008-05-18,18-05-2008
2008-05-24,24-05-2008
2008-05-25,25-05-2008
2008-05-31,31-05-2008
2008-06-01,01-06-2008
2008-06-07,07-06-2008
2008-06-08,08-06-2008
2008-06-14,14-06-2008
2008-06-15,15-06-2008
2008-06-21,21-06-2008
2008-06-22,22-06-2008
2008-06-28,28-06-2008
2008-06-29,29-06-2008
2008-07-05,05-07-2008
2008-07-06,06-07-2008
2008-07-12,12-07-2008
2008-07-13,13-07-2008
2008-07-19,19-07-2008
2008-07-20,20-07-2008
2008-07-26,26-07-2008
2008-07-27,27-07-2008
2008-07-31,31-07-2008
2008-08-01,01-08-2008
2008-08-07,07-08-2008
2008-08-08,08-08-2008
2008-11-07,07-11-2008
2008-11-08,08-11-2008
2008-11-15,15-11-2008
2008-11-21,21-11-2008
2008-11-22,22-11-2008
2008-11-30,30-11-2008
2008-12-05,05-12-2008
2008-12-06,06-12-2008
2008-12-13,13-12-2008
2008-12-26,26-12-2008
2008-12-27,27-12-2008
2009-01-02,02-01-2009
2009-01-03,03-01-2009
2009-01-09,09-01-2009
2009-01-10,10-01-2009
2009-01-23,23-01-2009
2009-01-28,28-01-2009
2009-02-08,08-02-2009
2009-02-13,13-02-2009
2009-02-14,14-02-2009
2009-02-20,20-02-2009
2009-02-21,21-02-2009
2009-02-27,27-02-2009
2009-03-06,06-03-2009
2009-03-07,07-03-2009
2009-03-13,13-03-2009
2009-03-14,14-03-2009
2009-03-20,20-03-2009
2009-03-21,21-03-2009
2009-03-27,27-03-2009
2009-03-28,28-03-2009
2009-05-16,16-05-2009
2009-05-17,17-05-2009
2009-05-23,23-05-2009
2009-05-24,24-05-2009
2009-05-30,30-05-2009
2009-05-31,31-05-2009
2009-06-06,06-06-2009
2009-06-07,07-06-2009
2009-06-13,13-06-2009
2009-06-14,14-06-2009
2009-06-20,20-06-2009
2009-06-21,21-06-2009
2009-06-27,27-06-2009
2009-06-28,28-06-2009
2009-07-04,04-07-2009
2009-07-05,05-07-2009
2009-07-11,11-07-2009
2009-07-12,12-07-2009
2009-07-18,18-07-2009
2009-07-19,19-07-2009
2009-07-25,25-07-2009
2009-07-26,26-07-2009
2009-07-30,30-07-2009
2009-07-31,31-07-2009
2009-08-06,06-08-2009
2009-08-07,07-08-2009
2009-11-06,06-11-2009
2009-11-07,07-11-2009
2009-11-14,14-11-2009
2009-11-20,20-11-2009
2009-11-21,21-11-2009
2009-11-28,28-11-2009
2009-12-04,04-12-2009
2009-12-05,05-12-2009
2009-12-12,12-12-2009
2009-12-18,18-12-2009
2009-12-19,19-12-2009
2009-12-25,25-12-2009
2010-01-01,01-01-2010
2010-01-02,02-01-2010
2010-01-09,09-01-2010
2010-01-15,15-01-2010
2010-01-16,16-01-2010
2010-01-23,23-01-2010
2010-01-26,26-01-2010
2010-01-30,30-01-2010
2010-02-05,05-02-2010
2010-02-13,13-02-2010
2010-02-19,19-02-2010
2010-02-20,20-02-2010
2010-02-26,26-02-2010
2010-02-27,27-02-2010
2010-03-12,12-03-2010
2010-03-13,13-03-2010
2010-03-19,19-03-2010
2010-03-20,20-03-2010
2010-03-26,26-03-2010
2010-03-27,27-03-2010
2010-04-01,01-04-2010
2010-04-02,02-04-2010
2010-05-22,22-05-2010
2010-05-23,23-05-2010
2010-05-29,29-05-2010
2010-05-30,30-05-2010
2010-06-05,05-06-2010
2010-06-06,06-06-2010
2010-06-12,12-06-2010
2010-06-13,13-06-2010
2010-06-19,19-06-2010
2010-06-20,20-06-2010
2010-06-26,26-06-2010
2010-06-27,27-06-2010
2010-07-03,03-07-2010
2010-07-04,04-07-2010
2010-07-10,10-07-2010
2010-07-11,11-07-2010
2010-07-17,17-07-2010
2010-07-18,18-07-2010
2010-07-24,24-07-2010
2010-07-25,25-07-2010
2010-07-30,30-07-2010
2010-07-31,31-07-2010
2010-08-05,05-08-2010
2010-11-06,06-11-2010
2010-11-12,12-11-2010
2010-11-13,13-11-2010
2010-11-19,19-11-2010
2010-11-20,20-11-2010
2010-11-26,26-11-2010
2010-11-27,27-11-2010
2010-12-03,03-12-2010
2010-12-11,11-12-2010
2010-12-17,17-12-2010
2010-12-18,18-12-2010
2010-12-24,24-12-2010
2010-12-25,25-12-2010
2010-12-31,31-12-2010
2011-01-01,01-01-2011
2011-01-08,08-01-2011
2011-01-14,14-01-2011
2011-01-21,21-01-2011
2011-01-25,25-01-2011
2011-01-26,26-01-2011
2011-01-29,29-01-2011
2011-02-03,03-02-2011
2011-02-12,12-02-2011
2011-02-18,18-02-2011
2011-02-19,19-02-2011
2011-02-25,25-02-2011
2011-02-26,26-02-2011
2011-03-11,11-03-2011
2011-03-12,12-03-2011
2011-03-18,18-03-2011
2011-03-19,19-03-2011
2011-03-25,25-03-2011
2011-03-26,26-03-2011
2011-05-14,14-05-2011
2011-05-15,15-05-2011
2011-05-21,21-05-2011
2011-05-22,22-05-2011
2011-05-28,28-05-2011
2011-05-29,29-05-2011
2011-06-04,04-06-2011
2011-06-05,05-06-2011
2011-06-11,11-06-2011
2011-06-12,12-06-2011
2011-06-18,18-06-2011
2011-06-19,19-06-2011
2011-06-25,25-06-2011
2011-06-26,26-06-2011
2011-07-02,02-07-2011
2011-07-03,03-07-2011
2011-07-16,16-07-2011
2011-07-17,17-07-2011
2011-07-23,23-07-2011
2011-07-24,24-07-2011
2011-07-30,30-07-2011
2011-07-31,31-07-2011
2011-08-04,04-08-2011
2011-08-05,05-08-2011
2011-08-11,11-08-2011
2011-08-12,12-08-2011
2011-11-07,07-11-2011
2011-11-08,08-11-2011
2011-11-12,12-11-2011
2011-11-18,18-11-2011
2011-11-19,19-11-2011
2011-11-26,26-11-2011
2011-12-02,02-12-2011
2011-12-03,03-12-2011
2011-12-10,10-12-2011
2011-12-16,16-12-2011
2011-12-17,17-12-2011
2011-12-24,24-12-2011
2011-12-30,30-12-2011
2011-12-31,31-12-2011
2012-01-07,07-01-2012
2012-01-13,13-01-2012
2012-01-20,20-01-2012
2012-01-21,21-01-2012
2012-01-27,27-01-2012
2012-01-31,31-01-2012
2012-02-03,03-02-2012
2012-02-11,11-02-2012
2012-02-24,24-02-2012
2012-02-25,25-02-2012
2012-03-03,03-03-2012
2012-03-04,04-03-2012
2012-03-09,09-03-2012
2012-03-10,10-03-2012
2012-03-16,16-03-2012
2012-03-17,17-03-2012
2012-03-23,23-03-2012
2012-03-24,24-03-2012
2012-03-30,30-03-2012
2012-03-31,31-03-2012
2012-05-19,19-05-2012
2012-05-20,20-05-2012
2012-05-26,26-05-2012
2012-05-27,27-05-2012
2012-06-02,02-06-2012
2012-06-03,03-06-2012
2012-06-09,09-06-2012
2012-06-10,10-06-2012
2012-06-16,16-06-2012
2012-06-17,17-06-2012
2012-06-23,23-06-2012
2012-06-24,24-06-2012
2012-06-30,30-06-2012
2012-07-01,01-07-2012
2012-07-07,07-07-2012
2012-07-08,08-07-2012
2012-07-14,14-07-2012
2012-07-15,15-07-2012
2012-07-21,21-07-2012
2012-07-22,22-07-2012
2012-07-28,28-07-2012
2012-07-29,29-07-2012
2012-08-02,02-08-2012
2012-08-03,03-08-2012
2012-08-09,09-08-2012
2012-08-10,10-08-2012
2012-11-06,06-11-2012
2012-11-09,09-11-2012
2012-11-10,10-11-2012
2012-11-17,17-11-2012
2012-11-23,23-11-2012
2012-11-24,24-11-2012
2012-12-01,01-12-2012
2012-12-07,07-12-2012
2012-12-08,08-12-2012
2012-12-15,15-12-2012
2012-12-21,21-12-2012
2012-12-22,22-12-2012
2012-12-29,29-12-2012
2013-01-04,04-01-2013
2013-01-05,05-01-2013
2013-01-12,12-01-2013
2013-01-18,18-01-2013
2013-01-19,19-01-2013
2013-01-25,25-01-2013
2013-01-26,26-01-2013
2013-01-31,31-01-2013
2013-02-09,09-02-2013
2013-02-15,15-02-2013
2013-02-16,16-02-2013
2013-02-22,22-02-2013
2013-02-23,23-02-2013
2013-03-08,08-03-2013
2013-03-09,09-03-2013
2013-03-15,15-03-2013
2013-03-16,16-03-2013
2013-03-22,22-03-2013
2013-03-23,23-03-2013
2013-05-18,18-05-2013
2013-05-19,19-05-2013
2013-05-25,25-05-2013
2013-05-26,26-05-2013
2013-06-04,04-06-2013
2013-06-05,05-06-2013
2013-06-08,08-06-2013
2013-06-09,09-06-2013
2013-06-15,15-06-2013
2013-06-16,16-06-2013
2013-06-22,22-06-2013
2013-06-23,23-06-2013
2013-06-29,29-06-2013
2013-06-30,30-06-2013
2013-07-06,06-07-2013
2013-07-07,07-07-2013
2013-07-13,13-07-2013
2013-07-14,14-07-2013
2013-07-23,23-07-2013
2013-07-24,24-07-2013
2013-07-27,27-07-2013
2013-07-28,28-07-2013
2013-08-01,01-08-2013
2013-08-02,02-08-2013
2013-08-08,08-08-2013
2013-08-09,09-08-2013
2013-08-16,16-08-2013
2013-11-02,02-11-2013
2013-11-08,08-11-2013
2013-11-09,09-11-2013
2013-11-15,15-11-2013
2013-11-22,22-11-2013
2013-11-23,23-11-2013
2013-11-30,30-11-2013
2013-12-06,06-12-2013
2013-12-07,07-12-2013
2013-12-14,14-12-2013
2013-12-20,20-12-2013
2013-12-21,21-12-2013
2013-12-28,28-12-2013
2014-01-03,03-01-2014
2014-01-04,04-01-2014
2014-01-10,10-01-2014
2014-01-17,17-01-2014
2014-01-25,25-01-2014
2014-01-26,26-01-2014
2014-01-31,31-01-2014
2014-02-08,08-02-2014
2014-02-14,14-02-2014
2014-02-15,15-02-2014
2014-02-21,21-02-2014
2014-02-22,22-02-2014
2014-03-07,07-03-2014
2014-03-14,14-03-2014
2014-03-17,17-03-2014
2014-03-21,21-03-2014
2014-03-22,22-03-2014
2014-03-28,28-03-2014
2014-05-24,24-05-2014
2014-05-25,25-05-2014
2014-05-31,31-05-2014
2014-06-01,01-06-2014
2014-06-07,07-06-2014
2014-06-08,08-06-2014
2014-06-14,14-06-2014
2014-06-15,15-06-2014
2014-06-21,21-06-2014
2014-06-22,22-06-2014
2014-06-28,28-06-2014
2014-06-29,29-06-2014
2014-07-05,05-07-2014
2014-07-06,06-07-2014
2014-07-12,12-07-2014
2014-07-13,13-07-2014
2014-07-19,19-07-2014
2014-07-20,20-07-2014
2014-07-26,26-07-2014
2014-07-27,27-07-2014
2014-07-31,31-07-2014
2014-08-01,01-08-2014
2014-08-07,07-08-2014
2014-08-08,08-08-2014
2014-08-14,14-08-2014
2014-11-07,07-11-2014
2014-11-08,08-11-2014
2014-11-14,14-11-2014
2014-11-21,21-11-2014
2014-11-22,22-11-2014
2014-11-29,29-11-2014
2014-12-05,05-12-2014
2014-12-06,06-12-2014
2014-12-13,13-12-2014
2014-12-19,19-12-2014
2014-12-20,20-12-2014
2014-12-27,27-12-2014
2015-01-02,02-01-2015
2015-01-03,03-01-2015
2015-01-09,09-01-2015
2015-01-16,16-01-2015
2015-01-17,17-01-2015
2015-01-26,26-01-2015
2015-01-30,30-01-2015
2015-02-07,07-02-2015
2015-02-13,13-02-2015
2015-02-14,14-02-2015
2015-02-20,20-02-2015
2015-02-21,21-02-2015
2015-03-05,05-03-2015
2015-03-06,06-03-2015
2015-03-13,13-03-2015
2015-03-14,14-03-2015
2015-05-16,16-05-2015
2015-05-22,22-05-2015
2015-05-23,23-05-2015
2015-05-24,24-05-2015
2015-05-30,30-05-2015
2015-05-31,31-05-2015
2015-06-06,06-06-2015
2015-06-07,07-06-2015
2015-06-13,13-06-2015
2015-06-14,14-06-2015
2015-06-20,20-06-2015
2015-06-21,21-06-2015
2015-06-27,27-06-2015
2015-06-28,28-06-2015
2015-07-04,04-07-2015
2015-07-05,05-07-2015
2015-07-11,11-07-2015
2015-07-12,12-07-2015
2015-07-18,18-07-2015
2015-07-19,19-07-2015
2015-07-30,30-07-2015
2015-07-31,31-07-2015
2015-08-06,06-08-2015
2015-08-07,07-08-2015
2015-11-07,07-11-2015
2015-11-27,27-11-2015
2015-11-28,28-11-2015
2015-12-04,04-12-2015
2015-12-05,05-12-2015
2015-12-12,12-12-2015
2015-12-18,18-12-2015
2015-12-19,19-12-2015
2015-12-25,25-12-2015
2016-01-01,01-01-2016
2016-01-02,02-01-2016
2016-01-08,08-01-2016
2016-01-16,16-01-2016
2016-01-23,23-01-2016
2016-01-29,29-01-2016
2016-02-05,05-02-2016
2016-02-12,12-02-2016
2016-02-13,13-02-2016
2016-02-19,19-02-2016
2016-02-26,26-02-2016
2016-02-27,27-02-2016
2016-03-10,10-03-2016
2016-03-11,11-03-2016
2016-03-18,18-03-2016
2016-03-19,19-03-2016
2016-03-24,24-03-2016
2016-03-25,25-03-2016
2016-05-14,14-05-2016
2016-05-15,15-05-2016
2016-05-21,21-05-2016
2016-05-22,22-05-2016
2016-05-28,28-05-2016
2016-05-29,29-05-2016
2016-06-04,04-06-2016
2016-06-05,05-06-2016
2016-06-11,11-06-2016
2016-06-12,12-06-2016
2016-06-18,18-06-2016
2016-06-19,19-06-2016
2016-06-25,25-06-2016
2016-06-26,26-06-2016
2016-07-02,02-07-2016
2016-07-03,03-07-2016
2016-07-09,09-07-2016
2016-07-10,10-07-2016
2016-07-16,16-07-2016
2016-07-17,17-07-2016
2016-07-23,23-07-2016
2016-07-24,24-07-2016
2016-08-04,04-08-2016
2016-08-05,05-08-2016
2016-08-12,12-08-2016
2016-08-13,13-08-2016
2016-08-18,18-08-2016
2016-08-19,19-08-2016
2016-11-04,04-11-2016
2016-11-05,05-11-2016
2016-11-18,18-11-2016
2016-11-19,19-11-2016
2016-11-26,26-11-2016
2016-12-02,02-12-2016
2016-12-03,03-12-2016
2016-12-10,10-12-2016
2016-12-16,16-12-2016
2016-12-17,17-12-2016
2016-12-23,23-12-2016
2016-12-30,30-12-2016
2016-12-31,31-12-2016
2017-01-07,07-01-2017
2017-01-13,13-01-2017
2017-01-21,21-01-2017
2017-01-26,26-01-2017
2017-01-27,27-01-2017
2017-02-03,03-02-2017
2017-02-10,10-02-2017
2017-02-11,11-02-2017
2017-02-17,17-02-2017
2017-02-24,24-02-2017
2017-02-25,25-02-2017
2017-03-04,04-03-2017
2017-03-05,05-03-2017
2017-03-11,11-03-2017
2017-03-17,17-03-2017
2017-03-18,18-03-2017
2017-05-13,13-05-2017
2017-05-14,14-05-2017
2017-05-20,20-05-2017
2017-06-10,10-06-2017
2017-06-11,11-06-2017
2017-06-17,17-06-2017
2017-06-18,18-06-2017
2017-06-24,24-06-2017
2017-06-25,25-06-2017
2017-07-01,01-07-2017
2017-07-02,02-07-2017
2017-07-08,08-07-2017
2017-07-09,09-07-2017
2017-07-15,15-07-2017
2017-07-16,16-07-2017
2017-07-22,22-07-2017
2017-07-23,23-07-2017
2017-07-30,30-07-2017
2017-08-03,03-08-2017
2017-08-04,04-08-2017
2017-08-10,10-08-2017
2017-08-11,11-08-2017
2017-08-14,14-08-2017
2017-08-17,17-08-2017
2018-01-06,06-01-2018
2018-01-12,12-01-2018
2018-01-13,13-01-2018
2018-01-20,20-01-2018
2018-01-26,26-01-2018
2018-01-27,27-01-2018
2018-02-02,02-02-2018
2018-02-09,09-02-2018
2018-02-11,11-02-2018
2018-02-16,16-02-2018
2018-02-22,22-02-2018
2018-02-24,24-02-2018
2018-03-10,10-03-2018
2018-03-14,14-03-2018
2018-03-16,16-03-2018
2018-03-21,21-03-2018
2018-03-22,22-03-2018
2018-05-20,20-05-2018
2018-05-21,21-05-2018
2018-05-27,27-05-2018
2018-06-01,01-06-2018
2018-06-02,02-06-2018
2018-06-09,09-06-2018
2018-06-10,10-06-2018
2018-06-16,16-06-2018
2018-06-17,17-06-2018
2018-06-23,23-06-2018
2018-06-24,24-06-2018
2018-06-30,30-06-2018
2018-07-01,01-07-2018
2018-07-07,07-07-2018
2018-07-08,08-07-2018
2018-07-14,14-07-2018
2018-07-15,15-07-2018
2018-07-21,21-07-2018
2018-07-22,22-07-2018
2018-07-28,28-07-2018
2018-07-29,29-07-2018
2018-08-02,02-08-2018
2018-08-03,03-08-2018
2018-08-09,09-08-2018
2018-08-10,10-08-2018
CHENNAI,
,-SelectOne-
67,Winter2004-2005
247,WinterSeason2015-16
263,WinterSeason2016-17
276,WinterSeason2017-18
289,WinterSeason2018-19
,-SelectOne-
2016-02-24,24-02-2016
2016-03-05,05-03-2016
2016-03-06,06-03-2016
2016-03-13,13-03-2016
2016-03-14,14-03-2016
2016-03-17,17-03-2016
2016-03-18,18-03-2016
2016-03-21,21-03-2016
2016-03-24,24-03-2016
2016-03-27,27-03-2016
2016-03-28,28-03-2016
2016-11-03,03-11-2016
2016-11-08,08-11-2016
2016-11-15,15-11-2016
2016-11-22,22-11-2016
2016-11-23,23-11-2016
2016-11-30,30-11-2016
2016-12-22,22-12-2016
2016-12-24,24-12-2016
2016-12-29,29-12-2016
2016-12-30,30-12-2016
2017-01-05,05-01-2017
2017-01-06,06-01-2017
2017-01-14,14-01-2017
2017-01-18,18-01-2017
2017-01-19,19-01-2017
2017-01-31,31-01-2017
2017-02-01,01-02-2017
2017-02-10,10-02-2017
2017-02-15,15-02-2017
2017-02-16,16-02-2017
2017-02-23,23-02-2017
2017-02-24,24-02-2017
2017-02-28,28-02-2017
2017-03-09,09-03-2017
2017-03-10,10-03-2017
2017-03-16,16-03-2017
2017-03-21,21-03-2017
2017-03-22,22-03-2017
2017-10-20,20-10-2017
2017-10-27,27-10-2017
2017-11-11,11-11-2017
2017-11-21,21-11-2017
2017-11-22,22-11-2017
2017-12-04,04-12-2017
2017-12-06,06-12-2017
2017-12-08,08-12-2017
2017-12-15,15-12-2017
2017-12-20,20-12-2017
2017-12-21,21-12-2017
2017-12-25,25-12-2017
2017-12-28,28-12-2017
2018-01-01,01-01-2018
2018-01-11,11-01-2018
2018-01-14,14-01-2018
2018-01-19,19-01-2018
2018-01-24,24-01-2018
2018-01-25,25-01-2018
2018-01-31,31-01-2018
2018-02-01,01-02-2018
2018-02-08,08-02-2018
2018-02-14,14-02-2018
2018-02-17,17-02-2018
2018-02-21,21-02-2018
2018-02-27,27-02-2018
2018-02-28,28-02-2018
2018-03-11,11-03-2018
2018-03-12,12-03-2018
2018-03-17,17-03-2018
2018-03-19,19-03-2018
DELHI,
,-SelectOne-
95,Season2007-2008
116,Season2008
130,Season2009-2010
151,Season2010-11
164,Season2011-12
194,Season2012-13
217,Season2013-14
228,Season2014-15
240,Season2015-16
259,Season2016-17
274,Season2017-18
290,Season2018-19
,-SelectOne-
2007-09-11,11-09-2007
2007-09-18,18-09-2007
2007-09-24,24-09-2007
2007-09-25,25-09-2007
2007-10-30,30-10-2007
2008-01-08,08-01-2008
2008-01-11,11-01-2008
2008-01-22,22-01-2008
2008-01-29,29-01-2008
2008-02-11,11-02-2008
2008-02-12,12-02-2008
2008-02-19,19-02-2008
2008-02-29,29-02-2008
2008-03-04,04-03-2008
2008-03-10,10-03-2008
2008-03-11,11-03-2008
2008-03-17,17-03-2008
2008-03-18,18-03-2008
2008-03-24,24-03-2008
2008-03-25,25-03-2008
2008-03-31,31-03-2008
2008-04-06,06-04-2008
2008-04-08,08-04-2008
2008-04-14,14-04-2008
2008-04-15,15-04-2008
2008-04-18,18-04-2008
2008-04-22,22-04-2008
2008-04-24,24-04-2008
2008-08-05,05-08-2008
2008-08-19,19-08-2008
2008-08-26,26-08-2008
2008-09-02,02-09-2008
2008-09-09,09-09-2008
2008-09-15,15-09-2008
2008-09-29,29-09-2008
2008-09-30,30-09-2008
2008-10-06,06-10-2008
2008-10-07,07-10-2008
2008-10-14,14-10-2008
2008-10-21,21-10-2008
2008-10-23,23-10-2008
2008-12-30,30-12-2008
2009-01-06,06-01-2009
2009-01-13,13-01-2009
2009-01-15,15-01-2009
2009-01-20,20-01-2009
2009-01-22,22-01-2009
2009-01-27,27-01-2009
2009-01-29,29-01-2009
2009-02-03,03-02-2009
2009-02-06,06-02-2009
2009-02-10,10-02-2009
2009-02-17,17-02-2009
2009-02-24,24-02-2009
2009-03-02,02-03-2009
2009-03-09,09-03-2009
2009-03-10,10-03-2009
2009-03-23,23-03-2009
2009-03-24,24-03-2009
2009-03-30,30-03-2009
2009-03-31,31-03-2009
2009-04-06,06-04-2009
2009-04-07,07-04-2009
2009-04-14,14-04-2009
2009-04-20,20-04-2009
2009-04-21,21-04-2009
2009-04-24,24-04-2009
2009-04-28,28-04-2009
2009-08-25,25-08-2009
2009-09-01,01-09-2009
2009-09-08,08-09-2009
2009-09-22,22-09-2009
2009-09-29,29-09-2009
2009-10-06,06-10-2009
2009-10-13,13-10-2009
2009-10-15,15-10-2009
2009-10-20,20-10-2009
2009-10-22,22-10-2009
2009-10-30,30-10-2009
2009-10-31,31-10-2009
2009-11-03,03-11-2009
2009-11-05,05-11-2009
2009-11-10,10-11-2009
2009-11-17,17-11-2009
2009-11-23,23-11-2009
2009-11-27,27-11-2009
2009-12-01,01-12-2009
2009-12-15,15-12-2009
2009-12-22,22-12-2009
2009-12-29,29-12-2009
2010-01-05,05-01-2010
2010-01-11,11-01-2010
2010-01-17,17-01-2010
2010-01-19,19-01-2010
2010-01-25,25-01-2010
2010-01-29,29-01-2010
2010-02-02,02-02-2010
2010-02-16,16-02-2010
2010-02-23,23-02-2010
2010-03-02,02-03-2010
2010-03-09,09-03-2010
2010-03-15,15-03-2010
2010-03-16,16-03-2010
2010-03-22,22-03-2010
2010-03-23,23-03-2010
2010-03-29,29-03-2010
2010-03-30,30-03-2010
2010-04-05,05-04-2010
2010-04-06,06-04-2010
2010-04-12,12-04-2010
2010-04-15,15-04-2010
2010-04-19,19-04-2010
2010-04-22,22-04-2010
2010-04-26,26-04-2010
2010-10-19,19-10-2010
2010-10-21,21-10-2010
2010-10-26,26-10-2010
2010-10-30,30-10-2010
2010-11-02,02-11-2010
2010-11-04,04-11-2010
2010-11-09,09-11-2010
2010-11-12,12-11-2010
2010-11-17,17-11-2010
2010-11-23,23-11-2010
2010-11-30,30-11-2010
2010-12-07,07-12-2010
2010-12-14,14-12-2010
2010-12-21,21-12-2010
2010-12-28,28-12-2010
2011-01-04,04-01-2011
2011-01-11,11-01-2011
2011-01-18,18-01-2011
2011-01-25,25-01-2011
2011-02-01,01-02-2011
2011-02-14,14-02-2011
2011-03-03,03-03-2011
2011-03-04,04-03-2011
2011-03-08,08-03-2011
2011-03-10,10-03-2011
2011-03-14,14-03-2011
2011-03-21,21-03-2011
2011-03-22,22-03-2011
2011-03-28,28-03-2011
2011-04-01,01-04-2011
2011-04-05,05-04-2011
2011-04-08,08-04-2011
2011-04-11,11-04-2011
2011-04-14,14-04-2011
2011-04-15,15-04-2011
2011-04-18,18-04-2011
2011-04-21,21-04-2011
2011-04-25,25-04-2011
2011-04-26,26-04-2011
2011-04-29,29-04-2011
2011-04-30,30-04-2011
2011-05-03,03-05-2011
2011-05-06,06-05-2011
2011-05-07,07-05-2011
2011-08-16,16-08-2011
2011-08-23,23-08-2011
2011-08-31,31-08-2011
2011-09-20,20-09-2011
2011-09-26,26-09-2011
2011-10-05,05-10-2011
2011-10-11,11-10-2011
2011-10-17,17-10-2011
2011-10-18,18-10-2011
2011-10-24,24-10-2011
2011-10-28,28-10-2011
2011-10-31,31-10-2011
2011-11-03,03-11-2011
2011-11-10,10-11-2011
2011-11-15,15-11-2011
2011-11-22,22-11-2011
2011-11-25,25-11-2011
2011-11-29,29-11-2011
2011-12-06,06-12-2011
2011-12-13,13-12-2011
2011-12-23,23-12-2011
2011-12-27,27-12-2011
2012-01-03,03-01-2012
2012-01-10,10-01-2012
2012-01-17,17-01-2012
2012-01-25,25-01-2012
2012-01-30,30-01-2012
2012-02-02,02-02-2012
2012-02-14,14-02-2012
2012-02-21,21-02-2012
2012-02-28,28-02-2012
2012-03-06,06-03-2012
2012-03-12,12-03-2012
2012-03-13,13-03-2012
2012-03-19,19-03-2012
2012-03-20,20-03-2012
2012-03-26,26-03-2012
2012-03-27,27-03-2012
2012-04-02,02-04-2012
2012-04-03,03-04-2012
2012-04-06,06-04-2012
2012-04-09,09-04-2012
2012-04-13,13-04-2012
2012-04-16,16-04-2012
2012-04-20,20-04-2012
2012-04-23,23-04-2012
2012-04-24,24-04-2012
2012-04-27,27-04-2012
2012-04-30,30-04-2012
2012-09-11,11-09-2012
2012-09-19,19-09-2012
2012-09-24,24-09-2012
2012-09-26,26-09-2012
2012-10-01,01-10-2012
2012-10-05,05-10-2012
2012-10-10,10-10-2012
2012-10-17,17-10-2012
2012-10-18,18-10-2012
2012-10-23,23-10-2012
2012-10-26,26-10-2012
2012-10-29,29-10-2012
2012-11-02,02-11-2012
2012-11-08,08-11-2012
2012-11-15,15-11-2012
2012-11-16,16-11-2012
2012-11-27,27-11-2012
2012-11-30,30-11-2012
2012-12-04,04-12-2012
2012-12-11,11-12-2012
2012-12-14,14-12-2012
2012-12-18,18-12-2012
2012-12-25,25-12-2012
2013-01-01,01-01-2013
2013-01-08,08-01-2013
2013-01-14,14-01-2013
2013-01-17,17-01-2013
2013-01-22,22-01-2013
2013-01-29,29-01-2013
2013-02-12,12-02-2013
2013-02-25,25-02-2013
2013-02-28,28-02-2013
2013-03-05,05-03-2013
2013-03-11,11-03-2013
2013-03-13,13-03-2013
2013-03-18,18-03-2013
2013-03-20,20-03-2013
2013-03-25,25-03-2013
2013-03-29,29-03-2013
2013-04-01,01-04-2013
2013-04-02,02-04-2013
2013-04-05,05-04-2013
2013-04-08,08-04-2013
2013-04-12,12-04-2013
2013-04-16,16-04-2013
2013-04-18,18-04-2013
2013-04-22,22-04-2013
2013-04-23,23-04-2013
2013-04-25,25-04-2013
2013-04-26,26-04-2013
2013-04-29,29-04-2013
2013-08-28,28-08-2013
2013-09-03,03-09-2013
2013-09-10,10-09-2013
2013-09-18,18-09-2013
2013-09-23,23-09-2013
2013-09-30,30-09-2013
2013-10-08,08-10-2013
2013-10-15,15-10-2013
2013-10-17,17-10-2013
2013-10-23,23-10-2013
2013-10-24,24-10-2013
2013-10-29,29-10-2013
2013-10-31,31-10-2013
2013-11-05,05-11-2013
2013-11-07,07-11-2013
2013-11-12,12-11-2013
2013-11-14,14-11-2013
2013-11-19,19-11-2013
2013-11-26,26-11-2013
2013-12-03,03-12-2013
2013-12-13,13-12-2013
2013-12-17,17-12-2013
2013-12-24,24-12-2013
2013-12-27,27-12-2013
2013-12-31,31-12-2013
2014-01-07,07-01-2014
2014-01-13,13-01-2014
2014-01-24,24-01-2014
2014-01-30,30-01-2014
2014-02-10,10-02-2014
2014-02-11,11-02-2014
2014-02-18,18-02-2014
2014-02-27,27-02-2014
2014-03-04,04-03-2014
2014-03-10,10-03-2014
2014-03-12,12-03-2014
2014-03-18,18-03-2014
2014-03-24,24-03-2014
2014-03-25,25-03-2014
2014-03-31,31-03-2014
2014-04-01,01-04-2014
2014-04-04,04-04-2014
2014-04-07,07-04-2014
2014-04-11,11-04-2014
2014-04-15,15-04-2014
2014-04-18,18-04-2014
2014-04-21,21-04-2014
2014-04-25,25-04-2014
2014-04-28,28-04-2014
2014-04-29,29-04-2014
2014-04-30,30-04-2014
2014-08-26,26-08-2014
2014-09-16,16-09-2014
2014-09-23,23-09-2014
2014-09-29,29-09-2014
2014-10-07,07-10-2014
2014-10-08,08-10-2014
2014-10-16,16-10-2014
2014-10-22,22-10-2014
2014-10-27,27-10-2014
2014-10-30,30-10-2014
2014-11-04,04-11-2014
2014-11-05,05-11-2014
2014-11-11,11-11-2014
2014-11-13,13-11-2014
2014-11-18,18-11-2014
2014-11-28,28-11-2014
2014-12-02,02-12-2014
2014-12-09,09-12-2014
2014-12-12,12-12-2014
2014-12-23,23-12-2014
2014-12-30,30-12-2014
2015-01-06,06-01-2015
2015-01-12,12-01-2015
2015-01-20,20-01-2015
2015-01-28,28-01-2015
2015-02-06,06-02-2015
2015-02-09,09-02-2015
2015-02-17,17-02-2015
2015-02-24,24-02-2015
2015-03-09,09-03-2015
2015-03-10,10-03-2015
2015-03-16,16-03-2015
2015-03-20,20-03-2015
2015-03-23,23-03-2015
2015-03-24,24-03-2015
2015-03-27,27-03-2015
2015-03-30,30-03-2015
2015-04-03,03-04-2015
2015-04-06,06-04-2015
2015-04-07,07-04-2015
2015-04-10,10-04-2015
2015-04-13,13-04-2015
2015-04-16,16-04-2015
2015-04-17,17-04-2015
2015-04-20,20-04-2015
2015-04-23,23-04-2015
2015-04-27,27-04-2015
2015-04-28,28-04-2015
2015-04-30,30-04-2015
2015-09-02,02-09-2015
2015-09-08,08-09-2015
2015-09-15,15-09-2015
2015-09-22,22-09-2015
2015-09-28,28-09-2015
2015-10-05,05-10-2015
2015-10-06,06-10-2015
2015-10-13,13-10-2015
2015-10-15,15-10-2015
2015-10-22,22-10-2015
2015-10-23,23-10-2015
2015-10-27,27-10-2015
2015-10-30,30-10-2015
2015-11-03,03-11-2015
2015-11-05,05-11-2015
2015-11-12,12-11-2015
2015-11-17,17-11-2015
2015-11-24,24-11-2015
2015-12-01,01-12-2015
2015-12-08,08-12-2015
2015-12-11,11-12-2015
2015-12-15,15-12-2015
2015-12-24,24-12-2015
2015-12-29,29-12-2015
2016-01-05,05-01-2016
2016-01-12,12-01-2016
2016-01-19,19-01-2016
2016-02-02,02-02-2016
2016-02-04,04-02-2016
2016-02-16,16-02-2016
2016-02-23,23-02-2016
2016-03-01,01-03-2016
2016-03-08,08-03-2016
2016-03-14,14-03-2016
2016-03-15,15-03-2016
2016-03-21,21-03-2016
2016-03-23,23-03-2016
2016-03-28,28-03-2016
2016-03-29,29-03-2016
2016-04-01,01-04-2016
2016-04-04,04-04-2016
2016-04-08,08-04-2016
2016-04-11,11-04-2016
2016-04-12,12-04-2016
2016-04-15,15-04-2016
2016-04-18,18-04-2016
2016-04-19,19-04-2016
2016-04-22,22-04-2016
2016-04-25,25-04-2016
2016-04-29,29-04-2016
2016-08-30,30-08-2016
2016-09-09,09-09-2016
2016-09-16,16-09-2016
2016-09-27,27-09-2016
2016-09-28,28-09-2016
2016-10-04,04-10-2016
2016-10-11,11-10-2016
2016-10-12,12-10-2016
2016-10-18,18-10-2016
2016-10-20,20-10-2016
2016-10-27,27-10-2016
2016-10-28,28-10-2016
2016-10-31,31-10-2016
2016-11-03,03-11-2016
2016-11-08,08-11-2016
2016-11-15,15-11-2016
2016-11-22,22-11-2016
2016-11-29,29-11-2016
2016-12-06,06-12-2016
2016-12-09,09-12-2016
2016-12-13,13-12-2016
2016-12-20,20-12-2016
2016-12-27,27-12-2016
2017-01-03,03-01-2017
2017-01-10,10-01-2017
2017-01-15,15-01-2017
2017-01-20,20-01-2017
2017-01-24,24-01-2017
2017-01-31,31-01-2017
2017-02-14,14-02-2017
2017-02-21,21-02-2017
2017-02-28,28-02-2017
2017-03-07,07-03-2017
2017-03-10,10-03-2017
2017-03-14,14-03-2017
2017-03-16,16-03-2017
2017-03-21,21-03-2017
2017-03-27,27-03-2017
2017-03-28,28-03-2017
2017-03-31,31-03-2017
2017-04-03,03-04-2017
2017-04-07,07-04-2017
2017-04-10,10-04-2017
2017-04-13,13-04-2017
2017-04-17,17-04-2017
2017-04-18,18-04-2017
2017-04-22,22-04-2017
2017-04-23,23-04-2017
2017-04-27,27-04-2017
2017-04-28,28-04-2017
2017-09-12,12-09-2017
2017-09-19,19-09-2017
2017-09-29,29-09-2017
2017-10-03,03-10-2017
2017-10-10,10-10-2017
2017-10-17,17-10-2017
2017-10-20,20-10-2017
2017-10-26,26-10-2017
2017-11-02,02-11-2017
2017-11-03,03-11-2017
2017-11-07,07-11-2017
2017-11-10,10-11-2017
2017-11-14,14-11-2017
2017-11-16,16-11-2017
2017-11-21,21-11-2017
2017-11-24,24-11-2017
2017-11-28,28-11-2017
2017-12-05,05-12-2017
2017-12-12,12-12-2017
2017-12-19,19-12-2017
2017-12-21,21-12-2017
2017-12-29,29-12-2017
2018-01-02,02-01-2018
2018-01-09,09-01-2018
2018-01-15,15-01-2018
2018-01-16,16-01-2018
2018-01-23,23-01-2018
2018-01-25,25-01-2018
2018-01-30,30-01-2018
2018-02-01,01-02-2018
2018-02-06,06-02-2018
2018-04-16,16-04-2018
2018-04-17,17-04-2018
2018-04-20,20-04-2018
2018-04-23,23-04-2018
2018-04-24,24-04-2018
2018-04-27,27-04-2018
2018-04-30,30-04-2018
2018-05-01,01-05-2018
2018-05-05,05-05-2018
2018-05-06,06-05-2018
2018-05-11,11-05-2018
2018-05-12,12-05-2018
2018-05-17,17-05-2018
2018-05-18,18-05-2018
2018-05-22,22-05-2018
2018-05-24,24-05-2018
2018-05-28,28-05-2018
2018-05-29,29-05-2018
2018-05-31,31-05-2018
2018-09-20,20-09-2018
2018-10-01,01-10-2018
2018-10-05,05-10-2018
2018-10-08,08-10-2018
MYSORE,
,-SelectOne-
4,MiniSummer2000
5,Regular2000
8,Winter2000-2001
13,MiniSummer2001
18,Regular2001
22,Winter2001-2002
27,MiniSummer2002
32,Regular2002
38,Winter2002-2003
41,MiniSummer2003
44,Regular2003
49,Winter2003-2004
52,MiniSummer2004
58,Regular2004
63,Winter2004-2005
66,MiniSummer2005
71,Regular2005
75,Winter2005-2006
78,MiniSummer2006
82,Regular2006
86,Winter2006-2007
94,Regular2007
99,WinterRaces2007-2008
108,SUMMERMEETING2008
117,MAINMEETING2008
120,WINTERMEETING2008-09
124,SUMMERMEETING2009
129,MAINMEETING2009
133,WINTERRACES2009-10
139,SUMMER2010
143,MAINSEASON2010
148,WINTERMEETING2010-11
153,MainSeason2011
160,REGULARSEASON2011
165,WINTERRACES2011-12
180,SUMMERSEASON2012
191,MainSeason2012
199,WinterSeason2012-13
212,SummerSeason2013
216,MainSeason2013
221,WinterSeason2013-14
224,SummerSeason2014
229,MainSeason2014
234,WinterSeason2014-15
236,SummerSeason2015
241,MainSeason2015
245,WinterSeason2015-16
253,SummerSeason2016
258,MainSeason2016
265,WinterSeason2016-17
269,SummerSeason2017
273,MainSeason2017
280,WinterSeason2017-18
284,SummerSeason2018
288,MainSeason2018
,-SelectOne-
2004-08-19,19-08-2004
2004-08-20,20-08-2004
2004-08-26,26-08-2004
2004-08-27,27-08-2004
2004-09-09,09-09-2004
2004-09-10,10-09-2004
2004-09-15,15-09-2004
2004-09-16,16-09-2004
2004-09-23,23-09-2004
2004-09-24,24-09-2004
2004-09-28,28-09-2004
2004-09-29,29-09-2004
2004-10-07,07-10-2004
2004-10-08,08-10-2004
2004-10-14,14-10-2004
2004-10-15,15-10-2004
2004-10-21,21-10-2004
2004-10-24,24-10-2004
2005-08-18,18-08-2005
2005-08-19,19-08-2005
2005-08-25,25-08-2005
2005-08-26,26-08-2005
2005-09-01,01-09-2005
2005-09-02,02-09-2005
2005-09-08,08-09-2005
2005-09-09,09-09-2005
2005-09-15,15-09-2005
2005-09-16,16-09-2005
2005-09-22,22-09-2005
2005-09-23,23-09-2005
2005-09-28,28-09-2005
2005-10-06,06-10-2005
2005-10-07,07-10-2005
2005-10-14,14-10-2005
2005-10-20,20-10-2005
2006-08-31,31-08-2006
2006-09-01,01-09-2006
2006-09-07,07-09-2006
2006-09-08,08-09-2006
2006-09-14,14-09-2006
2006-09-15,15-09-2006
2006-09-21,21-09-2006
2006-09-22,22-09-2006
2006-09-27,27-09-2006
2006-09-28,28-09-2006
2006-10-05,05-10-2006
2006-10-06,06-10-2006
2006-10-12,12-10-2006
2006-10-13,13-10-2006
2006-10-21,21-10-2006
2006-10-22,22-10-2006
2006-10-26,26-10-2006
2007-08-23,23-08-2007
2007-08-24,24-08-2007
2007-08-30,30-08-2007
2007-08-31,31-08-2007
2007-09-06,06-09-2007
2007-09-07,07-09-2007
2007-09-13,13-09-2007
2007-09-20,20-09-2007
2007-09-21,21-09-2007
2007-09-27,27-09-2007
2007-09-28,28-09-2007
2007-10-18,18-10-2007
2007-10-19,19-10-2007
2007-10-31,31-10-2007
2007-11-01,01-11-2007
2007-11-14,14-11-2007
2007-11-21,21-11-2007
2007-11-28,28-11-2007
2007-12-05,05-12-2007
2007-12-12,12-12-2007
2007-12-26,26-12-2007
2007-12-27,27-12-2007
2008-01-02,02-01-2008
2008-01-09,09-01-2008
2008-01-16,16-01-2008
2008-01-23,23-01-2008
2008-01-31,31-01-2008
2008-02-13,13-02-2008
2008-02-20,20-02-2008
2008-02-27,27-02-2008
2008-02-28,28-02-2008
2008-05-21,21-05-2008
2008-05-22,22-05-2008
2008-06-04,04-06-2008
2008-06-05,05-06-2008
2008-06-11,11-06-2008
2008-06-18,18-06-2008
2008-06-19,19-06-2008
2008-06-25,25-06-2008
2008-07-02,02-07-2008
2008-07-04,04-07-2008
2008-07-09,09-07-2008
2008-07-15,15-07-2008
2008-07-16,16-07-2008
2008-07-22,22-07-2008
2008-07-23,23-07-2008
2008-08-14,14-08-2008
2008-08-21,21-08-2008
2008-08-22,22-08-2008
2008-08-28,28-08-2008
2008-08-29,29-08-2008
2008-09-04,04-09-2008
2008-09-05,05-09-2008
2008-09-11,11-09-2008
2008-09-12,12-09-2008
2008-09-18,18-09-2008
2008-09-19,19-09-2008
2008-09-25,25-09-2008
2008-09-26,26-09-2008
2008-10-03,03-10-2008
2008-10-08,08-10-2008
2008-10-10,10-10-2008
2008-10-16,16-10-2008
2008-10-17,17-10-2008
2008-10-26,26-10-2008
2008-10-27,27-10-2008
2008-11-12,12-11-2008
2008-11-19,19-11-2008
2009-05-08,08-05-2009
2009-05-09,09-05-2009
2009-05-14,14-05-2009
2009-05-20,20-05-2009
2009-05-21,21-05-2009
2009-05-27,27-05-2009
2009-06-03,03-06-2009
2009-06-04,04-06-2009
2009-06-10,10-06-2009
2009-06-17,17-06-2009
2009-06-24,24-06-2009
2009-07-01,01-07-2009
2009-07-02,02-07-2009
2009-07-08,08-07-2009
2009-07-13,13-07-2009
2009-07-20,20-07-2009
2009-07-28,28-07-2009
2009-08-13,13-08-2009
2009-08-14,14-08-2009
2009-08-20,20-08-2009
2009-08-21,21-08-2009
2009-08-27,27-08-2009
2009-08-28,28-08-2009
2009-09-03,03-09-2009
2009-09-04,04-09-2009
2009-09-10,10-09-2009
2009-09-11,11-09-2009
2009-09-17,17-09-2009
2009-09-18,18-09-2009
2009-09-24,24-09-2009
2009-09-25,25-09-2009
2009-09-30,30-09-2009
2009-10-01,01-10-2009
2009-10-08,08-10-2009
2009-10-09,09-10-2009
2009-10-17,17-10-2009
2009-10-18,18-10-2009
2009-11-04,04-11-2009
2009-11-11,11-11-2009
2009-11-18,18-11-2009
2009-11-25,25-11-2009
2009-12-02,02-12-2009
2009-12-11,11-12-2009
2009-12-17,17-12-2009
2009-12-23,23-12-2009
2010-01-05,05-01-2010
2010-01-06,06-01-2010
2010-01-12,12-01-2010
2010-01-20,20-01-2010
2010-01-22,22-01-2010
2010-01-27,27-01-2010
2010-02-04,04-02-2010
2010-02-17,17-02-2010
2010-02-24,24-02-2010
2010-05-12,12-05-2010
2010-05-19,19-05-2010
2010-05-26,26-05-2010
2010-06-02,02-06-2010
2010-06-09,09-06-2010
2010-06-16,16-06-2010
2010-06-23,23-06-2010
2010-06-30,30-06-2010
2010-07-07,07-07-2010
2010-07-12,12-07-2010
2010-07-19,19-07-2010
2010-07-28,28-07-2010
2010-07-29,29-07-2010
2010-08-03,03-08-2010
2010-08-04,04-08-2010
2010-08-19,19-08-2010
2010-08-20,20-08-2010
2010-08-26,26-08-2010
2010-08-27,27-08-2010
2010-09-02,02-09-2010
2010-09-03,03-09-2010
2010-09-09,09-09-2010
2010-09-10,10-09-2010
2010-09-16,16-09-2010
2010-09-23,23-09-2010
2010-09-29,29-09-2010
2010-10-04,04-10-2010
2010-10-05,05-10-2010
2010-10-07,07-10-2010
2010-10-08,08-10-2010
2010-10-14,14-10-2010
2010-10-15,15-10-2010
2010-10-23,23-10-2010
2010-10-24,24-10-2010
2010-11-16,16-11-2010
2010-12-01,01-12-2010
2010-12-15,15-12-2010
2010-12-22,22-12-2010
2010-12-29,29-12-2010
2011-01-05,05-01-2011
2011-01-12,12-01-2011
2011-01-19,19-01-2011
2011-01-28,28-01-2011
2011-02-02,02-02-2011
2011-02-11,11-02-2011
2011-02-16,16-02-2011
2011-02-22,22-02-2011
2011-02-23,23-02-2011
2011-05-18,18-05-2011
2011-05-27,27-05-2011
2011-06-01,01-06-2011
2011-06-08,08-06-2011
2011-06-09,09-06-2011
2011-06-15,15-06-2011
2011-06-22,22-06-2011
2011-06-23,23-06-2011
2011-06-29,29-06-2011
2011-07-06,06-07-2011
2011-07-13,13-07-2011
2011-07-14,14-07-2011
2011-07-20,20-07-2011
2011-07-25,25-07-2011
2011-08-03,03-08-2011
2011-08-18,18-08-2011
2011-08-19,19-08-2011
2011-08-26,26-08-2011
2011-09-01,01-09-2011
2011-09-02,02-09-2011
2011-09-09,09-09-2011
2011-09-14,14-09-2011
2011-09-15,15-09-2011
2011-09-22,22-09-2011
2011-09-23,23-09-2011
2011-09-29,29-09-2011
2011-09-30,30-09-2011
2011-10-04,04-10-2011
2011-10-07,07-10-2011
2011-10-13,13-10-2011
2011-10-14,14-10-2011
2011-10-20,20-10-2011
2011-10-23,23-10-2011
2011-10-26,26-10-2011
2011-10-27,27-10-2011
2011-11-09,09-11-2011
2011-11-16,16-11-2011
2011-11-23,23-11-2011
2011-11-30,30-11-2011
2011-12-07,07-12-2011
2011-12-14,14-12-2011
2011-12-21,21-12-2011
2011-12-28,28-12-2011
2012-01-04,04-01-2012
2012-01-11,11-01-2012
2012-01-18,18-01-2012
2012-01-24,24-01-2012
2012-02-01,01-02-2012
2012-02-10,10-02-2012
2012-02-15,15-02-2012
2012-02-22,22-02-2012
2012-03-06,06-03-2012
2012-05-24,24-05-2012
2012-05-30,30-05-2012
2012-06-01,01-06-2012
2012-06-06,06-06-2012
2012-06-13,13-06-2012
2012-06-14,14-06-2012
2012-06-22,22-06-2012
2012-06-27,27-06-2012
2012-07-04,04-07-2012
2012-07-11,11-07-2012
2012-07-12,12-07-2012
2012-07-18,18-07-2012
2012-07-23,23-07-2012
2012-07-30,30-07-2012
2012-08-16,16-08-2012
2012-08-17,17-08-2012
2012-08-23,23-08-2012
2012-08-24,24-08-2012
2012-08-30,30-08-2012
2012-08-31,31-08-2012
2012-09-06,06-09-2012
2012-09-07,07-09-2012
2012-09-13,13-09-2012
2012-09-14,14-09-2012
2012-09-21,21-09-2012
2012-09-27,27-09-2012
2012-09-28,28-09-2012
2012-10-11,11-10-2012
2012-10-12,12-10-2012
2012-10-20,20-10-2012
2012-10-21,21-10-2012
2012-11-07,07-11-2012
2012-11-14,14-11-2012
2012-11-21,21-11-2012
2012-11-28,28-11-2012
2012-12-05,05-12-2012
2012-12-12,12-12-2012
2012-12-19,19-12-2012
2012-12-26,26-12-2012
2013-01-02,02-01-2013
2013-01-09,09-01-2013
2013-01-16,16-01-2013
2013-01-23,23-01-2013
2013-02-13,13-02-2013
2013-02-19,19-02-2013
2013-02-20,20-02-2013
2013-02-26,26-02-2013
2013-05-22,22-05-2013
2013-05-29,29-05-2013
2013-06-06,06-06-2013
2013-06-12,12-06-2013
2013-06-19,19-06-2013
2013-06-26,26-06-2013
2013-06-27,27-06-2013
2013-07-03,03-07-2013
2013-07-10,10-07-2013
2013-07-11,11-07-2013
2013-07-17,17-07-2013
2013-08-22,22-08-2013
2013-08-23,23-08-2013
2013-08-29,29-08-2013
2013-08-30,30-08-2013
2013-09-05,05-09-2013
2013-09-06,06-09-2013
2013-09-12,12-09-2013
2013-09-17,17-09-2013
2013-09-19,19-09-2013
2013-09-20,20-09-2013
2013-09-26,26-09-2013
2013-09-27,27-09-2013
2013-10-03,03-10-2013
2013-10-04,04-10-2013
2013-10-10,10-10-2013
2013-10-11,11-10-2013
2013-10-19,19-10-2013
2013-10-25,25-10-2013
2013-11-13,13-11-2013
2013-11-20,20-11-2013
2013-11-27,27-11-2013
2013-12-04,04-12-2013
2013-12-11,11-12-2013
2013-12-18,18-12-2013
2013-12-25,25-12-2013
2014-01-01,01-01-2014
2014-01-08,08-01-2014
2014-01-15,15-01-2014
2014-01-22,22-01-2014
2014-01-29,29-01-2014
2014-02-12,12-02-2014
2014-02-19,19-02-2014
2014-02-25,25-02-2014
2014-05-27,27-05-2014
2014-05-28,28-05-2014
2014-06-11,11-06-2014
2014-06-12,12-06-2014
2014-06-18,18-06-2014
2014-06-25,25-06-2014
2014-07-02,02-07-2014
2014-07-09,09-07-2014
2014-07-10,10-07-2014
2014-07-16,16-07-2014
2014-07-21,21-07-2014
2014-07-23,23-07-2014
2014-07-29,29-07-2014
2014-08-21,21-08-2014
2014-08-22,22-08-2014
2014-08-28,28-08-2014
2014-08-29,29-08-2014
2014-09-04,04-09-2014
2014-09-05,05-09-2014
2014-09-11,11-09-2014
2014-09-12,12-09-2014
2014-09-18,18-09-2014
2014-09-19,19-09-2014
2014-10-01,01-10-2014
2014-10-07,07-10-2014
2014-10-09,09-10-2014
2014-10-10,10-10-2014
2014-10-18,18-10-2014
2014-10-19,19-10-2014
2014-10-23,23-10-2014
2014-10-24,24-10-2014
2014-10-29,29-10-2014
2014-11-12,12-11-2014
2014-11-19,19-11-2014
2014-11-26,26-11-2014
2014-12-03,03-12-2014
2014-12-10,10-12-2014
2014-12-17,17-12-2014
2014-12-24,24-12-2014
2014-12-31,31-12-2014
2015-01-07,07-01-2015
2015-01-13,13-01-2015
2015-01-21,21-01-2015
2015-01-29,29-01-2015
2015-02-11,11-02-2015
2015-02-18,18-02-2015
2015-02-25,25-02-2015
2015-05-26,26-05-2015
2015-05-27,27-05-2015
2015-06-03,03-06-2015
2015-06-10,10-06-2015
2015-06-16,16-06-2015
2015-06-17,17-06-2015
2015-06-24,24-06-2015
2015-07-01,01-07-2015
2015-07-02,02-07-2015
2015-07-08,08-07-2015
2015-07-13,13-07-2015
2015-07-14,14-07-2015
2015-07-21,21-07-2015
2015-07-27,27-07-2015
2015-08-20,20-08-2015
2015-08-21,21-08-2015
2015-08-27,27-08-2015
2015-08-28,28-08-2015
2015-09-03,03-09-2015
2015-09-04,04-09-2015
2015-09-10,10-09-2015
2015-09-11,11-09-2015
2015-09-17,17-09-2015
2015-09-18,18-09-2015
2015-09-24,24-09-2015
2015-09-25,25-09-2015
2015-09-29,29-09-2015
2015-10-01,01-10-2015
2015-10-07,07-10-2015
2015-10-08,08-10-2015
2015-10-17,17-10-2015
2015-10-18,18-10-2015
2015-10-28,28-10-2015
2015-10-29,29-10-2015
2015-11-17,17-11-2015
2015-11-18,18-11-2015
2015-11-25,25-11-2015
2015-12-02,02-12-2015
2015-12-09,09-12-2015
2015-12-16,16-12-2015
2015-12-23,23-12-2015
2015-12-30,30-12-2015
2016-01-06,06-01-2016
2016-01-13,13-01-2016
2016-01-20,20-01-2016
2016-02-03,03-02-2016
2016-02-17,17-02-2016
2016-02-24,24-02-2016
2016-05-25,25-05-2016
2016-06-01,01-06-2016
2016-06-08,08-06-2016
2016-06-15,15-06-2016
2016-06-16,16-06-2016
2016-06-22,22-06-2016
2016-06-29,29-06-2016
2016-06-30,30-06-2016
2016-07-06,06-07-2016
2016-07-13,13-07-2016
2016-07-14,14-07-2016
2016-07-20,20-07-2016
2016-07-25,25-07-2016
2016-07-27,27-07-2016
2016-08-25,25-08-2016
2016-08-26,26-08-2016
2016-09-01,01-09-2016
2016-09-06,06-09-2016
2016-09-08,08-09-2016
2016-09-19,19-09-2016
2016-09-22,22-09-2016
2016-09-23,23-09-2016
2016-09-29,29-09-2016
2016-09-30,30-09-2016
2016-10-06,06-10-2016
2016-10-07,07-10-2016
2016-10-13,13-10-2016
2016-10-14,14-10-2016
2016-10-22,22-10-2016
2016-10-23,23-10-2016
2016-10-29,29-10-2016
2016-10-30,30-10-2016
2016-11-16,16-11-2016
2016-11-23,23-11-2016
2016-11-30,30-11-2016
2016-12-07,07-12-2016
2016-12-14,14-12-2016
2016-12-21,21-12-2016
2016-12-28,28-12-2016
2017-01-04,04-01-2017
2017-01-11,11-01-2017
2017-01-18,18-01-2017
2017-01-25,25-01-2017
2017-02-01,01-02-2017
2017-02-15,15-02-2017
2017-02-16,16-02-2017
2017-02-22,22-02-2017
2017-05-24,24-05-2017
2017-05-31,31-05-2017
2017-06-07,07-06-2017
2017-06-14,14-06-2017
2017-06-22,22-06-2017
2017-06-28,28-06-2017
2017-07-05,05-07-2017
2017-07-11,11-07-2017
2017-07-18,18-07-2017
2017-07-25,25-07-2017
2017-08-01,01-08-2017
2017-08-08,08-08-2017
2017-08-25,25-08-2017
2017-08-31,31-08-2017
2017-09-01,01-09-2017
2017-09-08,08-09-2017
2017-09-14,14-09-2017
2017-09-15,15-09-2017
2017-09-21,21-09-2017
2017-09-22,22-09-2017
2017-10-04,04-10-2017
2017-10-05,05-10-2017
2017-10-12,12-10-2017
2017-10-19,19-10-2017
2017-10-21,21-10-2017
2017-10-22,22-10-2017
2017-10-27,27-10-2017
2017-10-30,30-10-2017
2017-10-31,31-10-2017
2017-11-23,23-11-2017
2017-11-29,29-11-2017
2017-12-06,06-12-2017
2017-12-13,13-12-2017
2017-12-20,20-12-2017
2017-12-27,27-12-2017
2018-01-05,05-01-2018
2018-01-10,10-01-2018
2018-01-19,19-01-2018
2018-01-24,24-01-2018
2018-01-31,31-01-2018
2018-02-07,07-02-2018
2018-02-08,08-02-2018
2018-05-25,25-05-2018
2018-05-30,30-05-2018
2018-06-06,06-06-2018
2018-06-13,13-06-2018
2018-06-22,22-06-2018
2018-06-27,27-06-2018
2018-07-04,04-07-2018
2018-07-11,11-07-2018
2018-07-18,18-07-2018
2018-07-23,23-07-2018
2018-08-01,01-08-2018
2018-08-08,08-08-2018
2018-08-29,29-08-2018
2018-08-30,30-08-2018
2018-09-05,05-09-2018
2018-09-06,06-09-2018
2018-09-12,12-09-2018
2018-09-13,13-09-2018
2018-09-19,19-09-2018
2018-09-20,20-09-2018
2018-09-26,26-09-2018
2018-09-27,27-09-2018
2018-10-03,03-10-2018
2018-10-04,04-10-2018
PUNE,
,-SelectOne-
6,Regular2000
16,Regular2001
29,Regular2002
43,Regular2003
55,Regular2004
70,Regular2005
81,Meeting2006
93,Regular2007
115,MONSOONMEETING2008
126,REGULARSEASON2009
141,REGULARMEETING2010
157,MEETING2011
190,SEASON2012
214,Season2013
225,SEASON2014
239,Season2015
256,Season2016
272,Season2017
286,Season2018
,-SelectOne-
2007-07-26,26-07-2007
2007-07-27,27-07-2007
2007-08-04,04-08-2007
2007-08-05,05-08-2007
2007-08-11,11-08-2007
2007-08-12,12-08-2007
2007-08-15,15-08-2007
2007-08-19,19-08-2007
2007-08-20,20-08-2007
2007-08-25,25-08-2007
2007-08-26,26-08-2007
2007-09-01,01-09-2007
2007-09-02,02-09-2007
2007-09-08,08-09-2007
2007-09-09,09-09-2007
2007-09-15,15-09-2007
2007-09-16,16-09-2007
2007-09-22,22-09-2007
2007-09-23,23-09-2007
2007-09-29,29-09-2007
2007-09-30,30-09-2007
2007-10-06,06-10-2007
2007-10-07,07-10-2007
2007-10-13,13-10-2007
2007-10-14,14-10-2007
2007-10-20,20-10-2007
2007-10-21,21-10-2007
2007-10-26,26-10-2007
2007-10-27,27-10-2007
2008-07-24,24-07-2008
2008-07-25,25-07-2008
2008-08-02,02-08-2008
2008-08-03,03-08-2008
2008-08-09,09-08-2008
2008-08-10,10-08-2008
2008-08-15,15-08-2008
2008-08-16,16-08-2008
2008-08-17,17-08-2008
2008-08-23,23-08-2008
2008-08-24,24-08-2008
2008-08-30,30-08-2008
2008-08-31,31-08-2008
2008-09-06,06-09-2008
2008-09-07,07-09-2008
2008-09-13,13-09-2008
2008-09-14,14-09-2008
2008-09-20,20-09-2008
2008-09-21,21-09-2008
2008-09-27,27-09-2008
2008-09-28,28-09-2008
2008-10-04,04-10-2008
2008-10-05,05-10-2008
2008-10-11,11-10-2008
2008-10-12,12-10-2008
2008-10-18,18-10-2008
2008-10-19,19-10-2008
2008-10-24,24-10-2008
2008-10-25,25-10-2008
2009-07-16,16-07-2009
2009-07-17,17-07-2009
2009-07-23,23-07-2009
2009-07-24,24-07-2009
2009-08-01,01-08-2009
2009-08-02,02-08-2009
2009-08-08,08-08-2009
2009-08-09,09-08-2009
2009-08-15,15-08-2009
2009-08-16,16-08-2009
2009-08-22,22-08-2009
2009-08-23,23-08-2009
2009-08-29,29-08-2009
2009-08-30,30-08-2009
2009-09-05,05-09-2009
2009-09-06,06-09-2009
2009-09-12,12-09-2009
2009-09-13,13-09-2009
2009-09-19,19-09-2009
2009-09-20,20-09-2009
2009-09-26,26-09-2009
2009-09-27,27-09-2009
2009-10-03,03-10-2009
2009-10-04,04-10-2009
2009-10-10,10-10-2009
2009-10-11,11-10-2009
2009-10-23,23-10-2009
2009-10-24,24-10-2009
2010-07-15,15-07-2010
2010-07-16,16-07-2010
2010-07-22,22-07-2010
2010-07-23,23-07-2010
2010-08-01,01-08-2010
2010-08-07,07-08-2010
2010-08-08,08-08-2010
2010-08-14,14-08-2010
2010-08-15,15-08-2010
2010-08-21,21-08-2010
2010-08-22,22-08-2010
2010-08-28,28-08-2010
2010-08-29,29-08-2010
2010-09-04,04-09-2010
2010-09-05,05-09-2010
2010-09-11,11-09-2010
2010-09-12,12-09-2010
2010-09-18,18-09-2010
2010-09-19,19-09-2010
2010-09-25,25-09-2010
2010-09-26,26-09-2010
2010-10-03,03-10-2010
2010-10-09,09-10-2010
2010-10-10,10-10-2010
2010-10-16,16-10-2010
2010-10-17,17-10-2010
2010-10-22,22-10-2010
2010-10-23,23-10-2010
2011-07-21,21-07-2011
2011-07-22,22-07-2011
2011-07-28,28-07-2011
2011-07-29,29-07-2011
2011-08-06,06-08-2011
2011-08-07,07-08-2011
2011-08-14,14-08-2011
2011-08-15,15-08-2011
2011-08-20,20-08-2011
2011-08-21,21-08-2011
2011-08-27,27-08-2011
2011-08-28,28-08-2011
2011-09-04,04-09-2011
2011-09-10,10-09-2011
2011-09-11,11-09-2011
2011-09-16,16-09-2011
2011-09-17,17-09-2011
2011-09-24,24-09-2011
2011-09-25,25-09-2011
2011-10-02,02-10-2011
2011-10-08,08-10-2011
2011-10-09,09-10-2011
2011-10-15,15-10-2011
2011-10-16,16-10-2011
2011-10-21,21-10-2011
2011-10-22,22-10-2011
2012-07-26,26-07-2012
2012-07-27,27-07-2012
2012-08-04,04-08-2012
2012-08-05,05-08-2012
2012-08-11,11-08-2012
2012-08-12,12-08-2012
2012-08-15,15-08-2012
2012-08-19,19-08-2012
2012-08-25,25-08-2012
2012-08-26,26-08-2012
2012-09-01,01-09-2012
2012-09-02,02-09-2012
2012-09-08,08-09-2012
2012-09-09,09-09-2012
2012-09-15,15-09-2012
2012-09-16,16-09-2012
2012-09-22,22-09-2012
2012-09-23,23-09-2012
2012-09-29,29-09-2012
2012-09-30,30-09-2012
2012-10-07,07-10-2012
2012-10-13,13-10-2012
2012-10-14,14-10-2012
2012-10-19,19-10-2012
2012-10-20,20-10-2012
2012-10-27,27-10-2012
2012-10-28,28-10-2012
2013-07-18,18-07-2013
2013-07-19,19-07-2013
2013-07-25,25-07-2013
2013-07-26,26-07-2013
2013-08-03,03-08-2013
2013-08-04,04-08-2013
2013-08-10,10-08-2013
2013-08-11,11-08-2013
2013-08-15,15-08-2013
2013-08-18,18-08-2013
2013-08-24,24-08-2013
2013-08-25,25-08-2013
2013-08-31,31-08-2013
2013-09-01,01-09-2013
2013-09-07,07-09-2013
2013-09-08,08-09-2013
2013-09-14,14-09-2013
2013-09-15,15-09-2013
2013-09-21,21-09-2013
2013-09-22,22-09-2013
2013-09-28,28-09-2013
2013-09-29,29-09-2013
2013-10-06,06-10-2013
2013-10-12,12-10-2013
2013-10-13,13-10-2013
2013-10-18,18-10-2013
2013-10-19,19-10-2013
2013-10-26,26-10-2013
2013-10-27,27-10-2013
2014-07-24,24-07-2014
2014-07-25,25-07-2014
2014-08-02,02-08-2014
2014-08-03,03-08-2014
2014-08-09,09-08-2014
2014-08-10,10-08-2014
2014-08-15,15-08-2014
2014-08-17,17-08-2014
2014-08-23,23-08-2014
2014-08-24,24-08-2014
2014-08-30,30-08-2014
2014-08-31,31-08-2014
2014-09-06,06-09-2014
2014-09-07,07-09-2014
2014-09-13,13-09-2014
2014-09-14,14-09-2014
2014-09-20,20-09-2014
2014-09-21,21-09-2014
2014-09-27,27-09-2014
2014-09-28,28-09-2014
2014-10-03,03-10-2014
2014-10-04,04-10-2014
2014-10-11,11-10-2014
2014-10-12,12-10-2014
2014-10-17,17-10-2014
2014-10-18,18-10-2014
2014-10-25,25-10-2014
2014-10-26,26-10-2014
2015-07-23,23-07-2015
2015-07-24,24-07-2015
2015-08-01,01-08-2015
2015-08-02,02-08-2015
2015-08-08,08-08-2015
2015-08-09,09-08-2015
2015-08-15,15-08-2015
2015-08-16,16-08-2015
2015-08-22,22-08-2015
2015-08-23,23-08-2015
2015-08-29,29-08-2015
2015-08-30,30-08-2015
2015-09-05,05-09-2015
2015-09-06,06-09-2015
2015-09-12,12-09-2015
2015-09-13,13-09-2015
2015-09-19,19-09-2015
2015-09-20,20-09-2015
2015-09-26,26-09-2015
2015-09-27,27-09-2015
2015-10-03,03-10-2015
2015-10-10,10-10-2015
2015-10-11,11-10-2015
2015-10-16,16-10-2015
2015-10-17,17-10-2015
2015-10-24,24-10-2015
2015-10-25,25-10-2015
2016-07-28,28-07-2016
2016-07-29,29-07-2016
2016-08-06,06-08-2016
2016-08-07,07-08-2016
2016-08-14,14-08-2016
2016-08-15,15-08-2016
2016-08-20,20-08-2016
2016-08-21,21-08-2016
2016-08-27,27-08-2016
2016-08-28,28-08-2016
2016-09-03,03-09-2016
2016-09-04,04-09-2016
2016-09-10,10-09-2016
2016-09-11,11-09-2016
2016-09-17,17-09-2016
2016-09-18,18-09-2016
2016-09-24,24-09-2016
2016-09-25,25-09-2016
2016-10-08,08-10-2016
2016-10-09,09-10-2016
2016-10-15,15-10-2016
2016-10-16,16-10-2016
2016-10-21,21-10-2016
2016-10-22,22-10-2016
2017-07-27,27-07-2017
2017-07-28,28-07-2017
2017-08-05,05-08-2017
2017-08-06,06-08-2017
2017-08-13,13-08-2017
2017-08-15,15-08-2017
2017-08-19,19-08-2017
2017-08-26,26-08-2017
2017-08-27,27-08-2017
2017-09-02,02-09-2017
2017-09-03,03-09-2017
2017-09-09,09-09-2017
2017-09-10,10-09-2017
2017-09-16,16-09-2017
2017-09-17,17-09-2017
2017-09-23,23-09-2017
2017-09-24,24-09-2017
2017-10-07,07-10-2017
2017-10-08,08-10-2017
2017-10-14,14-10-2017
2017-10-15,15-10-2017
2017-10-28,28-10-2017
2017-10-29,29-10-2017
2018-07-20,20-07-2018
2018-07-26,26-07-2018
2018-07-27,27-07-2018
2018-08-04,04-08-2018
2018-08-05,05-08-2018
2018-08-11,11-08-2018
2018-08-15,15-08-2018
2018-08-19,19-08-2018
2018-08-24,24-08-2018
2018-08-25,25-08-2018
2018-08-31,31-08-2018
2018-09-01,01-09-2018
2018-09-07,07-09-2018
2018-09-08,08-09-2018
2018-09-16,16-09-2018
2018-09-17,17-09-2018
2018-09-22,22-09-2018
2018-09-23,23-09-2018
2018-09-28,28-09-2018
2018-09-29,29-09-2018
2018-10-06,06-10-2018
HYDERABAD,
,-SelectOne-
11,Winter2000-2001
14,Winter1999-2000
17,Monsoon2001
21,Winter2001-2002
30,Monsoon2002
37,Winter2002-2003
45,Monsoon2003
46,Winter2003-2004
57,Monsoon2004
62,Winter2004-2005
69,Monsoon2005
74,Winter2005-2006
79,Monsoon2006
85,Winter2006-2007
92,Monsoon2007
101,WinterRaces2007-2008
111,MONSOONMEETING2008
118,WINTERMEETING2008-09
128,MONSOONSEASON2009
132,WINTERRACES2009-2010
142,MONSOONRACES2010
147,WINTERMEETING2010-11
159,MonsoonMeeting2011
162,WinterSeason2011-12
189,MonsoonSeason2012
198,WinterSeason2012-13
213,MonsoonSeason2013
220,WinterSeason2013-14
227,MonsoonSeason2014
231,WinterSeason2014-15
238,MonsoonSeason2015
244,WinterSeason2015-16
255,MonsoonSeason2016
261,WinterSeason2016-17
270,MonsoonSeason2017
278,WinterSeason2017-18
287,MonsoonSeason2018
,-SelectOne-
2007-07-19,19-07-2007
2007-07-20,20-07-2007
2007-07-26,26-07-2007
2007-07-27,27-07-2007
2007-08-05,05-08-2007
2007-08-06,06-08-2007
2007-08-12,12-08-2007
2007-08-15,15-08-2007
2007-08-18,18-08-2007
2007-08-19,19-08-2007
2007-08-28,28-08-2007
2007-08-29,29-08-2007
2007-09-02,02-09-2007
2007-09-03,03-09-2007
2007-09-09,09-09-2007
2007-09-10,10-09-2007
2007-09-16,16-09-2007
2007-09-17,17-09-2007
2007-09-22,22-09-2007
2007-09-23,23-09-2007
2007-10-01,01-10-2007
2007-10-02,02-10-2007
2007-10-07,07-10-2007
2007-10-08,08-10-2007
2007-10-13,13-10-2007
2007-10-15,15-10-2007
2007-10-21,21-10-2007
2007-10-22,22-10-2007
2007-10-26,26-10-2007
2007-10-29,29-10-2007
2007-11-04,04-11-2007
2007-11-05,05-11-2007
2007-11-11,11-11-2007
2007-11-12,12-11-2007
2007-11-18,18-11-2007
2007-11-19,19-11-2007
2007-11-25,25-11-2007
2007-11-26,26-11-2007
2007-12-02,02-12-2007
2007-12-03,03-12-2007
2007-12-09,09-12-2007
2007-12-10,10-12-2007
2007-12-16,16-12-2007
2007-12-17,17-12-2007
2007-12-23,23-12-2007
2007-12-25,25-12-2007
2007-12-30,30-12-2007
2007-12-31,31-12-2007
2008-01-06,06-01-2008
2008-01-07,07-01-2008
2008-01-14,14-01-2008
2008-01-20,20-01-2008
2008-01-21,21-01-2008
2008-01-26,26-01-2008
2008-01-27,27-01-2008
2008-02-02,02-02-2008
2008-02-10,10-02-2008
2008-02-11,11-02-2008
2008-02-17,17-02-2008
2008-02-18,18-02-2008
2008-02-24,24-02-2008
2008-02-25,25-02-2008
2008-03-01,01-03-2008
2008-03-02,02-03-2008
2008-03-05,05-03-2008
2008-03-10,10-03-2008
2008-07-17,17-07-2008
2008-07-18,18-07-2008
2008-07-24,24-07-2008
2008-07-25,25-07-2008
2008-08-03,03-08-2008
2008-08-04,04-08-2008
2008-08-12,12-08-2008
2008-08-13,13-08-2008
2008-08-15,15-08-2008
2008-08-18,18-08-2008
2008-08-24,24-08-2008
2008-08-25,25-08-2008
2008-08-31,31-08-2008
2008-09-01,01-09-2008
2008-09-07,07-09-2008
2008-09-08,08-09-2008
2008-09-16,16-09-2008
2008-09-17,17-09-2008
2008-09-21,21-09-2008
2008-09-22,22-09-2008
2008-09-28,28-09-2008
2008-10-01,01-10-2008
2008-10-02,02-10-2008
2008-10-05,05-10-2008
2008-10-11,11-10-2008
2008-10-13,13-10-2008
2008-10-19,19-10-2008
2008-10-20,20-10-2008
2008-10-22,22-10-2008
2008-10-23,23-10-2008
2008-11-02,02-11-2008
2008-11-03,03-11-2008
2008-11-09,09-11-2008
2008-11-10,10-11-2008
2008-11-16,16-11-2008
2008-11-20,20-11-2008
2008-11-23,23-11-2008
2008-11-24,24-11-2008
2008-11-27,27-11-2008
2008-11-28,28-11-2008
2008-12-07,07-12-2008
2008-12-08,08-12-2008
2008-12-21,21-12-2008
2008-12-25,25-12-2008
2008-12-28,28-12-2008
2008-12-29,29-12-2008
2009-01-04,04-01-2009
2009-01-05,05-01-2009
2009-01-11,11-01-2009
2009-01-12,12-01-2009
2009-01-18,18-01-2009
2009-01-19,19-01-2009
2009-01-24,24-01-2009
2009-01-25,25-01-2009
2009-01-30,30-01-2009
2009-02-02,02-02-2009
2009-02-07,07-02-2009
2009-02-09,09-02-2009
2009-02-15,15-02-2009
2009-02-16,16-02-2009
2009-02-22,22-02-2009
2009-02-23,23-02-2009
2009-03-03,03-03-2009
2009-03-04,04-03-2009
2009-03-11,11-03-2009
2009-07-22,22-07-2009
2009-07-23,23-07-2009
2009-07-29,29-07-2009
2009-08-02,02-08-2009
2009-08-03,03-08-2009
2009-08-09,09-08-2009
2009-08-10,10-08-2009
2009-08-15,15-08-2009
2009-08-16,16-08-2009
2009-08-23,23-08-2009
2009-08-24,24-08-2009
2009-08-30,30-08-2009
2009-09-02,02-09-2009
2009-09-06,06-09-2009
2009-09-07,07-09-2009
2009-09-13,13-09-2009
2009-09-14,14-09-2009
2009-09-20,20-09-2009
2009-09-21,21-09-2009
2009-09-27,27-09-2009
2009-09-28,28-09-2009
2009-10-02,02-10-2009
2009-10-04,04-10-2009
2009-10-05,05-10-2009
2009-10-10,10-10-2009
2009-10-12,12-10-2009
2009-10-16,16-10-2009
2009-10-19,19-10-2009
2009-10-25,25-10-2009
2009-11-01,01-11-2009
2009-11-02,02-11-2009
2009-11-08,08-11-2009
2009-11-09,09-11-2009
2009-11-15,15-11-2009
2009-11-16,16-11-2009
2009-11-22,22-11-2009
2009-11-24,24-11-2009
2009-11-29,29-11-2009
2009-12-01,01-12-2009
2009-12-08,08-12-2009
2009-12-09,09-12-2009
2009-12-13,13-12-2009
2009-12-14,14-12-2009
2009-12-20,20-12-2009
2009-12-21,21-12-2009
2009-12-27,27-12-2009
2009-12-28,28-12-2009
2010-01-03,03-01-2010
2010-01-04,04-01-2010
2010-01-11,11-01-2010
2010-01-17,17-01-2010
2010-01-18,18-01-2010
2010-01-24,24-01-2010
2010-01-25,25-01-2010
2010-01-31,31-01-2010
2010-02-01,01-02-2010
2010-02-06,06-02-2010
2010-02-14,14-02-2010
2010-02-15,15-02-2010
2010-02-21,21-02-2010
2010-02-22,22-02-2010
2010-02-28,28-02-2010
2010-03-01,01-03-2010
2010-03-02,02-03-2010
2010-07-21,21-07-2010
2010-07-22,22-07-2010
2010-07-26,26-07-2010
2010-08-01,01-08-2010
2010-08-02,02-08-2010
2010-08-08,08-08-2010
2010-08-09,09-08-2010
2010-08-15,15-08-2010
2010-08-16,16-08-2010
2010-08-22,22-08-2010
2010-08-23,23-08-2010
2010-08-29,29-08-2010
2010-08-30,30-08-2010
2010-09-05,05-09-2010
2010-09-06,06-09-2010
2010-09-12,12-09-2010
2010-09-13,13-09-2010
2010-09-19,19-09-2010
2010-09-20,20-09-2010
2010-09-26,26-09-2010
2010-09-28,28-09-2010
2010-10-02,02-10-2010
2010-10-03,03-10-2010
2010-10-09,09-10-2010
2010-10-11,11-10-2010
2010-10-17,17-10-2010
2010-10-18,18-10-2010
2010-10-25,25-10-2010
2010-11-07,07-11-2010
2010-11-08,08-11-2010
2010-11-14,14-11-2010
2010-11-15,15-11-2010
2010-11-21,21-11-2010
2010-11-22,22-11-2010
2010-11-25,25-11-2010
2010-11-28,28-11-2010
2010-11-29,29-11-2010
2010-12-05,05-12-2010
2010-12-06,06-12-2010
2010-12-12,12-12-2010
2010-12-13,13-12-2010
2010-12-19,19-12-2010
2010-12-20,20-12-2010
2010-12-26,26-12-2010
2010-12-27,27-12-2010
2011-01-02,02-01-2011
2011-01-03,03-01-2011
2011-01-07,07-01-2011
2011-01-10,10-01-2011
2011-01-16,16-01-2011
2011-01-17,17-01-2011
2011-01-23,23-01-2011
2011-01-30,30-01-2011
2011-01-31,31-01-2011
2011-02-04,04-02-2011
2011-02-05,05-02-2011
2011-02-13,13-02-2011
2011-02-14,14-02-2011
2011-02-20,20-02-2011
2011-02-27,27-02-2011
2011-02-28,28-02-2011
2011-03-01,01-03-2011
2011-07-27,27-07-2011
2011-07-28,28-07-2011
2011-08-01,01-08-2011
2011-08-07,07-08-2011
2011-08-08,08-08-2011
2011-08-14,14-08-2011
2011-08-15,15-08-2011
2011-08-21,21-08-2011
2011-08-22,22-08-2011
2011-08-24,24-08-2011
2011-08-28,28-08-2011
2011-08-29,29-08-2011
2011-09-04,04-09-2011
2011-09-05,05-09-2011
2011-09-10,10-09-2011
2011-09-12,12-09-2011
2011-09-17,17-09-2011
2011-09-18,18-09-2011
2011-09-25,25-09-2011
2011-09-27,27-09-2011
2011-10-02,02-10-2011
2011-10-03,03-10-2011
2011-10-08,08-10-2011
2011-10-10,10-10-2011
2011-10-16,16-10-2011
2011-10-18,18-10-2011
2011-10-25,25-10-2011
2011-10-30,30-10-2011
2011-11-02,02-11-2011
2011-11-06,06-11-2011
2011-11-13,13-11-2011
2011-11-14,14-11-2011
2011-11-20,20-11-2011
2011-11-21,21-11-2011
2011-11-27,27-11-2011
2011-11-28,28-11-2011
2011-12-04,04-12-2011
2011-12-05,05-12-2011
2011-12-11,11-12-2011
2011-12-12,12-12-2011
2011-12-18,18-12-2011
2011-12-19,19-12-2011
2011-12-25,25-12-2011
2011-12-26,26-12-2011
2012-01-01,01-01-2012
2012-01-02,02-01-2012
2012-01-06,06-01-2012
2012-01-09,09-01-2012
2012-01-14,14-01-2012
2012-01-16,16-01-2012
2012-01-22,22-01-2012
2012-01-23,23-01-2012
2012-01-29,29-01-2012
2012-01-30,30-01-2012
2012-02-04,04-02-2012
2012-02-12,12-02-2012
2012-02-13,13-02-2012
2012-02-19,19-02-2012
2012-02-20,20-02-2012
2012-02-26,26-02-2012
2012-02-27,27-02-2012
2012-02-29,29-02-2012
2012-07-25,25-07-2012
2012-07-26,26-07-2012
2012-08-05,05-08-2012
2012-08-06,06-08-2012
2012-08-12,12-08-2012
2012-08-15,15-08-2012
2012-08-19,19-08-2012
2012-08-20,20-08-2012
2012-08-26,26-08-2012
2012-08-27,27-08-2012
2012-09-02,02-09-2012
2012-09-03,03-09-2012
2012-09-09,09-09-2012
2012-09-10,10-09-2012
2012-09-16,16-09-2012
2012-09-17,17-09-2012
2012-09-23,23-09-2012
2012-09-25,25-09-2012
2012-10-02,02-10-2012
2012-10-03,03-10-2012
2012-10-07,07-10-2012
2012-10-08,08-10-2012
2012-10-13,13-10-2012
2012-10-15,15-10-2012
2012-10-19,19-10-2012
2012-10-22,22-10-2012
2012-11-04,04-11-2012
2012-11-05,05-11-2012
2012-11-11,11-11-2012
2012-11-12,12-11-2012
2012-11-18,18-11-2012
2012-11-19,19-11-2012
2012-11-25,25-11-2012
2012-11-26,26-11-2012
2012-12-02,02-12-2012
2012-12-03,03-12-2012
2012-12-09,09-12-2012
2012-12-10,10-12-2012
2012-12-16,16-12-2012
2012-12-17,17-12-2012
2012-12-23,23-12-2012
2012-12-24,24-12-2012
2012-12-30,30-12-2012
2012-12-31,31-12-2012
2013-01-06,06-01-2013
2013-01-07,07-01-2013
2013-01-11,11-01-2013
2013-01-15,15-01-2013
2013-01-20,20-01-2013
2013-01-21,21-01-2013
2013-01-27,27-01-2013
2013-01-28,28-01-2013
2013-02-01,01-02-2013
2013-02-02,02-02-2013
2013-02-10,10-02-2013
2013-02-11,11-02-2013
2013-02-14,14-02-2013
2013-02-17,17-02-2013
2013-02-18,18-02-2013
2013-02-24,24-02-2013
2013-02-25,25-02-2013
2013-02-27,27-02-2013
2013-07-25,25-07-2013
2013-07-26,26-07-2013
2013-07-29,29-07-2013
2013-08-04,04-08-2013
2013-08-05,05-08-2013
2013-08-11,11-08-2013
2013-08-12,12-08-2013
2013-08-15,15-08-2013
2013-08-18,18-08-2013
2013-08-19,19-08-2013
2013-08-25,25-08-2013
2013-08-26,26-08-2013
2013-09-01,01-09-2013
2013-09-02,02-09-2013
2013-09-08,08-09-2013
2013-09-09,09-09-2013
2013-09-15,15-09-2013
2013-09-16,16-09-2013
2013-09-22,22-09-2013
2013-09-24,24-09-2013
2013-10-01,01-10-2013
2013-10-02,02-10-2013
2013-10-06,06-10-2013
2013-10-07,07-10-2013
2013-10-12,12-10-2013
2013-10-14,14-10-2013
2013-10-21,21-10-2013
2013-10-22,22-10-2013
2013-11-03,03-11-2013
2013-11-04,04-11-2013
2013-11-10,10-11-2013
2013-11-11,11-11-2013
2013-11-17,17-11-2013
2013-11-18,18-11-2013
2013-11-24,24-11-2013
2013-11-25,25-11-2013
2013-12-01,01-12-2013
2013-12-02,02-12-2013
2013-12-08,08-12-2013
2013-12-09,09-12-2013
2013-12-15,15-12-2013
2013-12-16,16-12-2013
2013-12-22,22-12-2013
2013-12-23,23-12-2013
2013-12-29,29-12-2013
2013-12-30,30-12-2013
2014-01-05,05-01-2014
2014-01-06,06-01-2014
2014-01-11,11-01-2014
2014-01-13,13-01-2014
2014-01-19,19-01-2014
2014-01-20,20-01-2014
2014-01-24,24-01-2014
2014-01-27,27-01-2014
2014-02-01,01-02-2014
2014-02-09,09-02-2014
2014-02-10,10-02-2014
2014-02-16,16-02-2014
2014-02-17,17-02-2014
2014-02-23,23-02-2014
2014-02-24,24-02-2014
2014-03-01,01-03-2014
2014-03-02,02-03-2014
2014-03-08,08-03-2014
2014-03-10,10-03-2014
2014-07-24,24-07-2014
2014-07-25,25-07-2014
2014-07-28,28-07-2014
2014-08-03,03-08-2014
2014-08-04,04-08-2014
2014-08-10,10-08-2014
2014-08-12,12-08-2014
2014-08-15,15-08-2014
2014-08-17,17-08-2014
2014-08-18,18-08-2014
2014-08-24,24-08-2014
2014-08-25,25-08-2014
2014-08-31,31-08-2014
2014-09-01,01-09-2014
2014-09-07,07-09-2014
2014-09-09,09-09-2014
2014-09-14,14-09-2014
2014-09-15,15-09-2014
2014-09-21,21-09-2014
2014-09-22,22-09-2014
2014-09-28,28-09-2014
2014-10-02,02-10-2014
2014-10-06,06-10-2014
2014-10-11,11-10-2014
2014-10-13,13-10-2014
2014-10-20,20-10-2014
2014-10-21,21-10-2014
2014-11-02,02-11-2014
2014-11-03,03-11-2014
2014-11-09,09-11-2014
2014-11-10,10-11-2014
2014-11-16,16-11-2014
2014-11-17,17-11-2014
2014-11-23,23-11-2014
2014-11-24,24-11-2014
2014-11-30,30-11-2014
2014-12-01,01-12-2014
2014-12-07,07-12-2014
2014-12-08,08-12-2014
2014-12-14,14-12-2014
2014-12-15,15-12-2014
2014-12-21,21-12-2014
2014-12-22,22-12-2014
2014-12-28,28-12-2014
2014-12-29,29-12-2014
2015-01-04,04-01-2015
2015-01-05,05-01-2015
2015-01-10,10-01-2015
2015-01-12,12-01-2015
2015-01-18,18-01-2015
2015-01-19,19-01-2015
2015-01-25,25-01-2015
2015-01-27,27-01-2015
2015-01-31,31-01-2015
2015-02-08,08-02-2015
2015-02-10,10-02-2015
2015-02-16,16-02-2015
2015-02-19,19-02-2015
2015-02-22,22-02-2015
2015-02-23,23-02-2015
2015-07-16,16-07-2015
2015-07-17,17-07-2015
2015-07-23,23-07-2015
2015-07-26,26-07-2015
2015-08-02,02-08-2015
2015-08-03,03-08-2015
2015-08-09,09-08-2015
2015-08-10,10-08-2015
2015-08-15,15-08-2015
2015-08-16,16-08-2015
2015-08-23,23-08-2015
2015-08-24,24-08-2015
2015-08-30,30-08-2015
2015-08-31,31-08-2015
2015-09-06,06-09-2015
2015-09-07,07-09-2015
2015-09-13,13-09-2015
2015-09-14,14-09-2015
2015-09-20,20-09-2015
2015-09-21,21-09-2015
2015-09-30,30-09-2015
2015-10-02,02-10-2015
2015-10-09,09-10-2015
2015-10-12,12-10-2015
2015-10-19,19-10-2015
2015-10-20,20-10-2015
2015-10-25,25-10-2015
2015-10-26,26-10-2015
2015-11-01,01-11-2015
2015-11-02,02-11-2015
2015-11-08,08-11-2015
2015-11-09,09-11-2015
2015-11-15,15-11-2015
2015-11-16,16-11-2015
2015-11-22,22-11-2015
2015-11-23,23-11-2015
2015-11-29,29-11-2015
2015-11-30,30-11-2015
2015-12-06,06-12-2015
2015-12-07,07-12-2015
2015-12-13,13-12-2015
2015-12-14,14-12-2015
2015-12-20,20-12-2015
2015-12-21,21-12-2015
2015-12-27,27-12-2015
2015-12-28,28-12-2015
2016-01-03,03-01-2016
2016-01-04,04-01-2016
2016-01-11,11-01-2016
2016-01-12,12-01-2016
2016-01-17,17-01-2016
2016-01-18,18-01-2016
2016-01-22,22-01-2016
2016-01-31,31-01-2016
2016-02-01,01-02-2016
2016-02-06,06-02-2016
2016-02-14,14-02-2016
2016-02-15,15-02-2016
2016-02-21,21-02-2016
2016-02-22,22-02-2016
2016-02-28,28-02-2016
2016-02-29,29-02-2016
2016-07-21,21-07-2016
2016-07-22,22-07-2016
2016-07-29,29-07-2016
2016-07-31,31-07-2016
2016-08-07,07-08-2016
2016-08-08,08-08-2016
2016-08-14,14-08-2016
2016-08-15,15-08-2016
2016-08-21,21-08-2016
2016-08-22,22-08-2016
2016-08-28,28-08-2016
2016-08-29,29-08-2016
2016-09-04,04-09-2016
2016-09-05,05-09-2016
2016-09-11,11-09-2016
2016-09-12,12-09-2016
2016-09-18,18-09-2016
2016-09-20,20-09-2016
2016-10-02,02-10-2016
2016-10-03,03-10-2016
2016-10-09,09-10-2016
2016-10-10,10-10-2016
2016-10-15,15-10-2016
2016-10-17,17-10-2016
2016-10-24,24-10-2016
2016-10-25,25-10-2016
2016-11-01,01-11-2016
2016-11-06,06-11-2016
2016-11-07,07-11-2016
2016-11-13,13-11-2016
2016-11-14,14-11-2016
2016-11-20,20-11-2016
2016-11-21,21-11-2016
2016-11-27,27-11-2016
2016-11-28,28-11-2016
2016-12-04,04-12-2016
2016-12-05,05-12-2016
2016-12-11,11-12-2016
2016-12-12,12-12-2016
2016-12-18,18-12-2016
2016-12-19,19-12-2016
2016-12-25,25-12-2016
2016-12-26,26-12-2016
2017-01-02,02-01-2017
2017-01-03,03-01-2017
2017-01-09,09-01-2017
2017-01-10,10-01-2017
2017-01-16,16-01-2017
2017-01-17,17-01-2017
2017-01-22,22-01-2017
2017-01-23,23-01-2017
2017-01-29,29-01-2017
2017-01-30,30-01-2017
2017-02-04,04-02-2017
2017-02-12,12-02-2017
2017-02-13,13-02-2017
2017-02-19,19-02-2017
2017-02-20,20-02-2017
2017-02-26,26-02-2017
2017-02-27,27-02-2017
2017-03-02,02-03-2017
2017-07-13,13-07-2017
2017-07-20,20-07-2017
2017-07-21,21-07-2017
2017-07-29,29-07-2017
2017-07-31,31-07-2017
2017-08-06,06-08-2017
2017-08-07,07-08-2017
2017-08-15,15-08-2017
2017-08-20,20-08-2017
2017-08-21,21-08-2017
2017-08-27,27-08-2017
2017-08-28,28-08-2017
2017-09-03,03-09-2017
2017-09-04,04-09-2017
2017-09-10,10-09-2017
2017-09-11,11-09-2017
2017-09-17,17-09-2017
2017-09-18,18-09-2017
2017-09-24,24-09-2017
2017-09-25,25-09-2017
2017-10-02,02-10-2017
2017-10-08,08-10-2017
2017-10-09,09-10-2017
2017-10-16,16-10-2017
2017-10-18,18-10-2017
2017-10-23,23-10-2017
2017-10-25,25-10-2017
2017-10-29,29-10-2017
2017-11-05,05-11-2017
2017-11-06,06-11-2017
2017-11-12,12-11-2017
2017-11-19,19-11-2017
2017-11-20,20-11-2017
2017-11-26,26-11-2017
2017-11-27,27-11-2017
2017-12-03,03-12-2017
2017-12-10,10-12-2017
2017-12-11,11-12-2017
2017-12-17,17-12-2017
2017-12-18,18-12-2017
2017-12-24,24-12-2017
2017-12-31,31-12-2017
2018-01-03,03-01-2018
2018-01-08,08-01-2018
2018-01-17,17-01-2018
2018-01-21,21-01-2018
2018-01-22,22-01-2018
2018-01-28,28-01-2018
2018-01-29,29-01-2018
2018-02-03,03-02-2018
2018-02-05,05-02-2018
2018-02-10,10-02-2018
2018-02-18,18-02-2018
2018-02-19,19-02-2018
2018-02-25,25-02-2018
2018-02-26,26-02-2018
2018-03-01,01-03-2018
2018-03-02,02-03-2018
2018-07-16,16-07-2018
2018-07-19,19-07-2018
2018-07-25,25-07-2018
2018-07-30,30-07-2018
2018-08-06,06-08-2018
2018-08-12,12-08-2018
2018-08-15,15-08-2018
2018-08-18,18-08-2018
2018-08-20,20-08-2018
2018-08-22,22-08-2018
2018-08-26,26-08-2018
2018-08-27,27-08-2018
2018-09-02,02-09-2018
2018-09-03,03-09-2018
2018-09-09,09-09-2018
2018-09-14,14-09-2018
2018-09-18,18-09-2018
2018-09-21,21-09-2018
2018-09-24,24-09-2018
2018-10-01,01-10-2018
2018-10-02,02-10-2018
2018-10-07,07-10-2018
MUMBAI,
,-SelectOne-
9,Winter2000-2001
23,Winter2001-2002
39,Winter2002-2003
47,Winter2003-2004
61,Winter2004-2005
76,Winter2005-2006
87,Winter2006-2007
100,Meeting2007-2008
122,WINTERMEETING2008-09
136,MEETING2009-2010
149,MEETING2010-11
166,MUMBAIRACES2011-12
210,Season2012-13
222,Season2013-14
233,Season2014-15
246,Season2015-16
264,WinterSeason2016-17
279,WinterSeason2017-18
,-SelectOne-
2001-02-04,04-02-2001
2002-02-03,03-02-2002
2003-02-02,02-02-2003
2007-11-18,18-11-2007
2007-11-22,22-11-2007
2007-11-25,25-11-2007
2007-11-29,29-11-2007
2007-12-02,02-12-2007
2007-12-06,06-12-2007
2007-12-09,09-12-2007
2007-12-13,13-12-2007
2007-12-16,16-12-2007
2007-12-23,23-12-2007
2007-12-25,25-12-2007
2007-12-30,30-12-2007
2008-01-03,03-01-2008
2008-01-06,06-01-2008
2008-01-10,10-01-2008
2008-01-13,13-01-2008
2008-01-17,17-01-2008
2008-01-20,20-01-2008
2008-01-24,24-01-2008
2008-02-02,02-02-2008
2008-02-03,03-02-2008
2008-02-10,10-02-2008
2008-02-14,14-02-2008
2008-02-17,17-02-2008
2008-02-21,21-02-2008
2008-02-24,24-02-2008
2008-02-26,26-02-2008
2008-03-06,06-03-2008
2008-03-09,09-03-2008
2008-03-13,13-03-2008
2008-03-16,16-03-2008
2008-03-20,20-03-2008
2008-03-23,23-03-2008
2008-03-27,27-03-2008
2008-03-30,30-03-2008
2008-04-05,05-04-2008
2008-04-06,06-04-2008
2008-04-12,12-04-2008
2008-04-13,13-04-2008
2008-04-19,19-04-2008
2008-04-20,20-04-2008
2008-04-26,26-04-2008
2008-04-27,27-04-2008
2009-01-31,31-01-2009
2009-02-01,01-02-2009
2009-02-07,07-02-2009
2009-02-12,12-02-2009
2009-02-15,15-02-2009
2009-02-19,19-02-2009
2009-02-22,22-02-2009
2009-02-25,25-02-2009
2009-03-01,01-03-2009
2009-03-05,05-03-2009
2009-03-08,08-03-2009
2009-03-12,12-03-2009
2009-03-15,15-03-2009
2009-03-19,19-03-2009
2009-03-22,22-03-2009
2009-03-26,26-03-2009
2009-03-29,29-03-2009
2009-04-04,04-04-2009
2009-04-05,05-04-2009
2009-04-11,11-04-2009
2009-04-12,12-04-2009
2009-04-18,18-04-2009
2009-04-19,19-04-2009
2009-04-25,25-04-2009
2009-04-26,26-04-2009
2009-05-01,01-05-2009
2009-05-02,02-05-2009
2009-05-03,03-05-2009
2009-11-15,15-11-2009
2009-11-22,22-11-2009
2009-11-26,26-11-2009
2009-11-29,29-11-2009
2009-12-03,03-12-2009
2009-12-06,06-12-2009
2009-12-10,10-12-2009
2009-12-13,13-12-2009
2009-12-20,20-12-2009
2009-12-24,24-12-2009
2009-12-27,27-12-2009
2009-12-31,31-12-2009
2010-01-03,03-01-2010
2010-01-07,07-01-2010
2010-01-08,08-01-2010
2010-01-13,13-01-2010
2010-01-17,17-01-2010
2010-01-21,21-01-2010
2010-01-24,24-01-2010
2010-01-28,28-01-2010
2010-02-06,06-02-2010
2010-02-07,07-02-2010
2010-02-14,14-02-2010
2010-02-18,18-02-2010
2010-02-21,21-02-2010
2010-02-25,25-02-2010
2010-02-28,28-02-2010
2010-03-06,06-03-2010
2010-03-07,07-03-2010
2010-03-14,14-03-2010
2010-03-18,18-03-2010
2010-03-21,21-03-2010
2010-03-25,25-03-2010
2010-03-28,28-03-2010
2010-04-03,03-04-2010
2010-04-04,04-04-2010
2010-04-10,10-04-2010
2010-04-11,11-04-2010
2010-04-17,17-04-2010
2010-04-18,18-04-2010
2010-04-23,23-04-2010
2010-04-24,24-04-2010
2010-04-25,25-04-2010
2010-11-14,14-11-2010
2010-11-18,18-11-2010
2010-11-21,21-11-2010
2010-12-02,02-12-2010
2010-12-05,05-12-2010
2010-12-09,09-12-2010
2010-12-12,12-12-2010
2010-12-19,19-12-2010
2010-12-23,23-12-2010
2010-12-26,26-12-2010
2010-12-30,30-12-2010
2011-01-02,02-01-2011
2011-01-06,06-01-2011
2011-01-07,07-01-2011
2011-01-13,13-01-2011
2011-01-16,16-01-2011
2011-01-20,20-01-2011
2011-01-23,23-01-2011
2011-01-27,27-01-2011
2011-02-05,05-02-2011
2011-02-06,06-02-2011
2011-02-13,13-02-2011
2011-02-17,17-02-2011
2011-02-20,20-02-2011
2011-02-24,24-02-2011
2011-02-27,27-02-2011
2011-03-05,05-03-2011
2011-03-06,06-03-2011
2011-03-13,13-03-2011
2011-03-17,17-03-2011
2011-03-20,20-03-2011
2011-03-24,24-03-2011
2011-03-27,27-03-2011
2011-04-03,03-04-2011
2011-04-04,04-04-2011
2011-04-09,09-04-2011
2011-04-10,10-04-2011
2011-04-16,16-04-2011
2011-04-17,17-04-2011
2011-04-23,23-04-2011
2011-04-24,24-04-2011
2011-05-01,01-05-2011
2011-11-13,13-11-2011
2011-11-17,17-11-2011
2011-11-20,20-11-2011
2011-11-24,24-11-2011
2011-11-27,27-11-2011
2011-12-01,01-12-2011
2011-12-04,04-12-2011
2011-12-11,11-12-2011
2011-12-15,15-12-2011
2011-12-18,18-12-2011
2011-12-22,22-12-2011
2011-12-25,25-12-2011
2011-12-29,29-12-2011
2012-01-01,01-01-2012
2012-01-05,05-01-2012
2012-01-12,12-01-2012
2012-01-15,15-01-2012
2012-01-19,19-01-2012
2012-01-22,22-01-2012
2012-01-28,28-01-2012
2012-02-04,04-02-2012
2012-02-05,05-02-2012
2012-02-12,12-02-2012
2012-02-16,16-02-2012
2012-02-19,19-02-2012
2012-02-23,23-02-2012
2012-02-26,26-02-2012
2012-02-29,29-02-2012
2012-03-08,08-03-2012
2012-03-11,11-03-2012
2012-03-15,15-03-2012
2012-03-18,18-03-2012
2012-03-22,22-03-2012
2012-03-25,25-03-2012
2012-03-29,29-03-2012
2012-04-01,01-04-2012
2012-04-07,07-04-2012
2012-04-08,08-04-2012
2012-04-14,14-04-2012
2012-04-15,15-04-2012
2012-04-21,21-04-2012
2012-04-22,22-04-2012
2012-04-28,28-04-2012
2012-04-29,29-04-2012
2012-11-20,20-11-2012
2012-11-22,22-11-2012
2012-11-25,25-11-2012
2012-11-29,29-11-2012
2012-12-02,02-12-2012
2012-12-06,06-12-2012
2012-12-09,09-12-2012
2012-12-13,13-12-2012
2012-12-16,16-12-2012
2012-12-20,20-12-2012
2012-12-23,23-12-2012
2012-12-27,27-12-2012
2012-12-30,30-12-2012
2013-01-03,03-01-2013
2013-01-06,06-01-2013
2013-01-10,10-01-2013
2013-01-15,15-01-2013
2013-01-20,20-01-2013
2013-01-24,24-01-2013
2013-02-02,02-02-2013
2013-02-03,03-02-2013
2013-02-10,10-02-2013
2013-02-14,14-02-2013
2013-02-17,17-02-2013
2013-02-21,21-02-2013
2013-02-24,24-02-2013
2013-02-27,27-02-2013
2013-03-07,07-03-2013
2013-03-10,10-03-2013
2013-03-14,14-03-2013
2013-03-17,17-03-2013
2013-03-21,21-03-2013
2013-03-24,24-03-2013
2013-03-28,28-03-2013
2013-03-31,31-03-2013
2013-04-06,06-04-2013
2013-04-07,07-04-2013
2013-04-13,13-04-2013
2013-04-14,14-04-2013
2013-04-20,20-04-2013
2013-04-21,21-04-2013
2013-04-27,27-04-2013
2013-04-28,28-04-2013
2013-11-17,17-11-2013
2013-11-21,21-11-2013
2013-11-24,24-11-2013
2013-11-28,28-11-2013
2013-12-01,01-12-2013
2013-12-05,05-12-2013
2013-12-08,08-12-2013
2013-12-12,12-12-2013
2013-12-15,15-12-2013
2013-12-19,19-12-2013
2013-12-22,22-12-2013
2013-12-26,26-12-2013
2013-12-29,29-12-2013
2014-01-02,02-01-2014
2014-01-05,05-01-2014
2014-01-09,09-01-2014
2014-01-16,16-01-2014
2014-01-18,18-01-2014
2014-01-23,23-01-2014
2014-02-01,01-02-2014
2014-02-02,02-02-2014
2014-02-09,09-02-2014
2014-02-13,13-02-2014
2014-02-16,16-02-2014
2014-02-20,20-02-2014
2014-02-23,23-02-2014
2014-02-26,26-02-2014
2014-03-06,06-03-2014
2014-03-09,09-03-2014
2014-03-13,13-03-2014
2014-03-16,16-03-2014
2014-03-20,20-03-2014
2014-03-23,23-03-2014
2014-03-27,27-03-2014
2014-03-30,30-03-2014
2014-04-05,05-04-2014
2014-04-06,06-04-2014
2014-04-12,12-04-2014
2014-04-13,13-04-2014
2014-04-19,19-04-2014
2014-04-20,20-04-2014
2014-04-26,26-04-2014
2014-04-27,27-04-2014
2014-11-20,20-11-2014
2014-11-23,23-11-2014
2014-11-27,27-11-2014
2014-11-30,30-11-2014
2014-12-04,04-12-2014
2014-12-07,07-12-2014
2014-12-11,11-12-2014
2014-12-18,18-12-2014
2014-12-21,21-12-2014
2014-12-25,25-12-2014
2014-12-28,28-12-2014
2015-01-01,01-01-2015
2015-01-04,04-01-2015
2015-01-08,08-01-2015
2015-01-14,14-01-2015
2015-01-18,18-01-2015
2015-01-22,22-01-2015
2015-01-24,24-01-2015
2015-01-31,31-01-2015
2015-02-01,01-02-2015
2015-02-08,08-02-2015
2015-02-12,12-02-2015
2015-02-15,15-02-2015
2015-02-19,19-02-2015
2015-02-22,22-02-2015
2015-02-28,28-02-2015
2015-03-07,07-03-2015
2015-03-08,08-03-2015
2015-03-12,12-03-2015
2015-03-15,15-03-2015
2015-03-19,19-03-2015
2015-03-22,22-03-2015
2015-03-26,26-03-2015
2015-03-29,29-03-2015
2015-04-04,04-04-2015
2015-04-05,05-04-2015
2015-04-11,11-04-2015
2015-04-12,12-04-2015
2015-04-18,18-04-2015
2015-04-19,19-04-2015
2015-04-25,25-04-2015
2015-04-26,26-04-2015
2015-11-19,19-11-2015
2015-11-22,22-11-2015
2015-11-26,26-11-2015
2015-11-29,29-11-2015
2015-12-03,03-12-2015
2015-12-06,06-12-2015
2015-12-10,10-12-2015
2015-12-13,13-12-2015
2015-12-17,17-12-2015
2015-12-20,20-12-2015
2015-12-26,26-12-2015
2015-12-27,27-12-2015
2015-12-31,31-12-2015
2016-01-03,03-01-2016
2016-01-07,07-01-2016
2016-01-09,09-01-2016
2016-01-14,14-01-2016
2016-01-17,17-01-2016
2016-01-21,21-01-2016
2016-01-24,24-01-2016
2016-01-30,30-01-2016
2016-02-06,06-02-2016
2016-02-07,07-02-2016
2016-02-14,14-02-2016
2016-02-20,20-02-2016
2016-02-21,21-02-2016
2016-02-25,25-02-2016
2016-02-28,28-02-2016
2016-03-02,02-03-2016
2016-03-12,12-03-2016
2016-03-13,13-03-2016
2016-03-17,17-03-2016
2016-03-20,20-03-2016
2016-03-26,26-03-2016
2016-03-27,27-03-2016
2016-04-02,02-04-2016
2016-04-03,03-04-2016
2016-04-09,09-04-2016
2016-04-10,10-04-2016
2016-04-16,16-04-2016
2016-04-17,17-04-2016
2016-04-23,23-04-2016
2016-04-24,24-04-2016
2016-11-20,20-11-2016
2016-11-24,24-11-2016
2016-11-27,27-11-2016
2016-12-01,01-12-2016
2016-12-04,04-12-2016
2016-12-08,08-12-2016
2016-12-11,11-12-2016
2016-12-15,15-12-2016
2016-12-18,18-12-2016
2016-12-22,22-12-2016
2016-12-25,25-12-2016
2016-12-29,29-12-2016
2017-01-01,01-01-2017
2017-01-05,05-01-2017
2017-01-06,06-01-2017
2017-01-12,12-01-2017
2017-01-15,15-01-2017
2017-01-19,19-01-2017
2017-01-22,22-01-2017
2017-02-04,04-02-2017
2017-02-05,05-02-2017
2017-02-12,12-02-2017
2017-02-18,18-02-2017
2017-02-19,19-02-2017
2017-02-23,23-02-2017
2017-02-26,26-02-2017
2017-03-01,01-03-2017
2017-03-09,09-03-2017
2017-03-12,12-03-2017
2017-03-16,16-03-2017
2017-03-19,19-03-2017
2017-03-25,25-03-2017
2017-03-26,26-03-2017
2017-04-01,01-04-2017
2017-04-02,02-04-2017
2017-04-08,08-04-2017
2017-04-09,09-04-2017
2017-04-15,15-04-2017
2017-04-16,16-04-2017
2017-11-19,19-11-2017
2017-11-24,24-11-2017
2017-11-26,26-11-2017
2017-11-30,30-11-2017
2017-12-03,03-12-2017
2017-12-14,14-12-2017
2017-12-16,16-12-2017
2017-12-17,17-12-2017
2017-12-22,22-12-2017
2017-12-24,24-12-2017
2017-12-28,28-12-2017
2017-12-31,31-12-2017
2018-01-04,04-01-2018
2018-01-11,11-01-2018
2018-01-14,14-01-2018
2018-01-18,18-01-2018
2018-01-21,21-01-2018
2018-01-25,25-01-2018
2018-02-03,03-02-2018
2018-02-04,04-02-2018
2018-02-10,10-02-2018
2018-02-15,15-02-2018
2018-02-18,18-02-2018
2018-02-23,23-02-2018
2018-02-25,25-02-2018
2018-02-28,28-02-2018
2018-03-08,08-03-2018
2018-03-11,11-03-2018
2018-03-15,15-03-2018
2018-03-18,18-03-2018
2018-03-23,23-03-2018
2018-03-25,25-03-2018
